[{"model": "admin.logentry", "pk": 214, "fields": {"action_time": "2022-11-22T22:44:13.116Z", "user": 2, "content_type": 4, "object_id": "1", "object_repr": "AEADMIN", "action_flag": 3, "change_message": ""}}, {"model": "admin.logentry", "pk": 215, "fields": {"action_time": "2022-11-22T22:45:00.543Z", "user": 2, "content_type": 8, "object_id": "2", "object_repr": "AE_ADMIN@alphaexchange.com", "action_flag": 1, "change_message": "[{\"added\": {}}]"}}, {"model": "admin.logentry", "pk": 216, "fields": {"action_time": "2022-11-25T02:20:18.188Z", "user": 2, "content_type": 8, "object_id": "2", "object_repr": "benjamin.draper@hotmail.co.uk", "action_flag": 2, "change_message": "[{\"changed\": {\"fields\": [\"E-mail address\"]}}]"}}, {"model": "admin.logentry", "pk": 217, "fields": {"action_time": "2022-11-25T02:22:41.755Z", "user": 2, "content_type": 8, "object_id": "2", "object_repr": "AE_ADMIN@alphaexchange.com", "action_flag": 2, "change_message": "[{\"changed\": {\"fields\": [\"E-mail address\"]}}]"}}, {"model": "admin.logentry", "pk": 218, "fields": {"action_time": "2022-11-25T02:33:29.811Z", "user": 2, "content_type": 15, "object_id": "10", "object_repr": "D49269B28D1240409C87ED18BACCF567", "action_flag": 3, "change_message": ""}}, {"model": "admin.logentry", "pk": 219, "fields": {"action_time": "2022-11-25T02:33:29.813Z", "user": 2, "content_type": 15, "object_id": "9", "object_repr": "994FFB884A5C4085956DF7C77BC50DB4", "action_flag": 3, "change_message": ""}}, {"model": "admin.logentry", "pk": 220, "fields": {"action_time": "2022-11-25T02:33:29.815Z", "user": 2, "content_type": 15, "object_id": "8", "object_repr": "8F20DFB4CDE64E75B10EDF53E8EF4EC0", "action_flag": 3, "change_message": ""}}, {"model": "admin.logentry", "pk": 221, "fields": {"action_time": "2022-11-25T02:33:29.817Z", "user": 2, "content_type": 15, "object_id": "7", "object_repr": "F0F61E497C5144C2943A3060DE2AF3C9", "action_flag": 3, "change_message": ""}}, {"model": "admin.logentry", "pk": 222, "fields": {"action_time": "2022-11-25T02:33:29.819Z", "user": 2, "content_type": 15, "object_id": "6", "object_repr": "BA11467A28CB4F50BF994B2005319FE8", "action_flag": 3, "change_message": ""}}, {"model": "admin.logentry", "pk": 223, "fields": {"action_time": "2022-11-25T02:33:29.820Z", "user": 2, "content_type": 15, "object_id": "5", "object_repr": "0C8B4AABBC2D4E2DAE348B1A4CDDC7A1", "action_flag": 3, "change_message": ""}}, {"model": "admin.logentry", "pk": 224, "fields": {"action_time": "2022-11-25T02:33:29.822Z", "user": 2, "content_type": 15, "object_id": "4", "object_repr": "C39159F016D140D2BC44F9B615B70F2C", "action_flag": 3, "change_message": ""}}, {"model": "admin.logentry", "pk": 225, "fields": {"action_time": "2022-11-25T02:33:29.823Z", "user": 2, "content_type": 15, "object_id": "3", "object_repr": "3FF4B3AFF4664ED48FF1B1F5A5FA2588", "action_flag": 3, "change_message": ""}}, {"model": "admin.logentry", "pk": 226, "fields": {"action_time": "2022-11-25T02:33:29.825Z", "user": 2, "content_type": 15, "object_id": "2", "object_repr": "E6779B34CBA84615A8AA73B0F79EABE4", "action_flag": 3, "change_message": ""}}, {"model": "admin.logentry", "pk": 227, "fields": {"action_time": "2022-11-25T02:33:29.826Z", "user": 2, "content_type": 15, "object_id": "1", "object_repr": "461EDD8615634192A53337101D4EE009", "action_flag": 3, "change_message": ""}}, {"model": "admin.logentry", "pk": 228, "fields": {"action_time": "2022-11-25T02:47:07.284Z", "user": 2, "content_type": 15, "object_id": "20", "object_repr": "56D7DD7E7EAD4ADF8CACBA1A54D92EBA", "action_flag": 3, "change_message": ""}}, {"model": "admin.logentry", "pk": 229, "fields": {"action_time": "2022-11-25T02:47:07.287Z", "user": 2, "content_type": 15, "object_id": "19", "object_repr": "F5C4C6C7A9F0477090A2FC2DE924B1D2", "action_flag": 3, "change_message": ""}}, {"model": "admin.logentry", "pk": 230, "fields": {"action_time": "2022-11-25T02:47:07.289Z", "user": 2, "content_type": 15, "object_id": "18", "object_repr": "CBA078FA47EA484D9C13C0364E783730", "action_flag": 3, "change_message": ""}}, {"model": "admin.logentry", "pk": 231, "fields": {"action_time": "2022-11-25T02:47:07.290Z", "user": 2, "content_type": 15, "object_id": "17", "object_repr": "33A4C0A63F2143CF9EAE0D4B218E8F5B", "action_flag": 3, "change_message": ""}}, {"model": "admin.logentry", "pk": 232, "fields": {"action_time": "2022-11-25T02:47:07.292Z", "user": 2, "content_type": 15, "object_id": "16", "object_repr": "1843276181A246B092FD5C4E9716222A", "action_flag": 3, "change_message": ""}}, {"model": "admin.logentry", "pk": 233, "fields": {"action_time": "2022-11-25T02:47:07.293Z", "user": 2, "content_type": 15, "object_id": "15", "object_repr": "C5CEC8E3435D452B8EDF640458CD781A", "action_flag": 3, "change_message": ""}}, {"model": "admin.logentry", "pk": 234, "fields": {"action_time": "2022-11-25T02:47:07.295Z", "user": 2, "content_type": 15, "object_id": "14", "object_repr": "403F84EE4D0D4CDBAB5CB0A4E8787B0A", "action_flag": 3, "change_message": ""}}, {"model": "admin.logentry", "pk": 235, "fields": {"action_time": "2022-11-25T02:47:07.297Z", "user": 2, "content_type": 15, "object_id": "13", "object_repr": "43C77510809D4EA6A15F9BB461FDE410", "action_flag": 3, "change_message": ""}}, {"model": "admin.logentry", "pk": 236, "fields": {"action_time": "2022-11-25T02:47:07.299Z", "user": 2, "content_type": 15, "object_id": "12", "object_repr": "31127C10533D44AD915428578D7BA3FA", "action_flag": 3, "change_message": ""}}, {"model": "admin.logentry", "pk": 237, "fields": {"action_time": "2022-11-25T02:47:07.300Z", "user": 2, "content_type": 15, "object_id": "11", "object_repr": "51C3D79D789244F2B77583FDBFF994A8", "action_flag": 3, "change_message": ""}}, {"model": "admin.logentry", "pk": 238, "fields": {"action_time": "2022-11-26T05:39:07.457Z", "user": 2, "content_type": 13, "object_id": "227", "object_repr": "test", "action_flag": 3, "change_message": ""}}, {"model": "admin.logentry", "pk": 239, "fields": {"action_time": "2022-11-26T05:39:07.460Z", "user": 2, "content_type": 13, "object_id": "226", "object_repr": "test", "action_flag": 3, "change_message": ""}}, {"model": "admin.logentry", "pk": 240, "fields": {"action_time": "2022-11-26T05:48:29.774Z", "user": 2, "content_type": 13, "object_id": "230", "object_repr": "test", "action_flag": 3, "change_message": ""}}, {"model": "admin.logentry", "pk": 241, "fields": {"action_time": "2022-11-26T05:48:29.777Z", "user": 2, "content_type": 13, "object_id": "229", "object_repr": "test", "action_flag": 3, "change_message": ""}}, {"model": "admin.logentry", "pk": 242, "fields": {"action_time": "2022-11-26T05:48:29.779Z", "user": 2, "content_type": 13, "object_id": "228", "object_repr": "test", "action_flag": 3, "change_message": ""}}, {"model": "admin.logentry", "pk": 243, "fields": {"action_time": "2022-11-26T05:54:46.504Z", "user": 2, "content_type": 13, "object_id": "232", "object_repr": "test", "action_flag": 3, "change_message": ""}}, {"model": "admin.logentry", "pk": 244, "fields": {"action_time": "2022-11-26T05:54:46.508Z", "user": 2, "content_type": 13, "object_id": "231", "object_repr": "test", "action_flag": 3, "change_message": ""}}, {"model": "admin.logentry", "pk": 245, "fields": {"action_time": "2022-11-26T05:54:46.511Z", "user": 2, "content_type": 13, "object_id": "233", "object_repr": "test", "action_flag": 3, "change_message": ""}}, {"model": "admin.logentry", "pk": 246, "fields": {"action_time": "2022-11-26T05:54:58.050Z", "user": 2, "content_type": 13, "object_id": "234", "object_repr": "test", "action_flag": 3, "change_message": ""}}, {"model": "admin.logentry", "pk": 247, "fields": {"action_time": "2022-11-26T08:04:14.475Z", "user": 2, "content_type": 13, "object_id": "235", "object_repr": "test", "action_flag": 3, "change_message": ""}}, {"model": "admin.logentry", "pk": 248, "fields": {"action_time": "2022-11-28T00:33:45.373Z", "user": 2, "content_type": 14, "object_id": "13", "object_repr": "test", "action_flag": 3, "change_message": ""}}, {"model": "admin.logentry", "pk": 249, "fields": {"action_time": "2022-11-28T00:33:45.376Z", "user": 2, "content_type": 14, "object_id": "12", "object_repr": "test", "action_flag": 3, "change_message": ""}}, {"model": "admin.logentry", "pk": 250, "fields": {"action_time": "2022-11-28T00:34:13.216Z", "user": 2, "content_type": 14, "object_id": "14", "object_repr": "test", "action_flag": 3, "change_message": ""}}, {"model": "admin.logentry", "pk": 251, "fields": {"action_time": "2022-11-28T21:24:12.696Z", "user": 2, "content_type": 18, "object_id": "1", "object_repr": "shipping", "action_flag": 1, "change_message": "[{\"added\": {}}]"}}, {"model": "admin.logentry", "pk": 252, "fields": {"action_time": "2022-11-28T21:27:48.541Z", "user": 2, "content_type": 18, "object_id": "2", "object_repr": "registration", "action_flag": 1, "change_message": "[{\"added\": {}}]"}}, {"model": "admin.logentry", "pk": 253, "fields": {"action_time": "2022-11-28T21:31:41.468Z", "user": 2, "content_type": 18, "object_id": "3", "object_repr": "order_confirmation", "action_flag": 1, "change_message": "[{\"added\": {}}]"}}, {"model": "admin.logentry", "pk": 254, "fields": {"action_time": "2022-11-28T21:34:37.600Z", "user": 2, "content_type": 18, "object_id": "4", "object_repr": "available_products", "action_flag": 1, "change_message": "[{\"added\": {}}]"}}, {"model": "admin.logentry", "pk": 255, "fields": {"action_time": "2022-11-28T21:36:12.287Z", "user": 2, "content_type": 18, "object_id": "5", "object_repr": "payment_types", "action_flag": 1, "change_message": "[{\"added\": {}}]"}}, {"model": "admin.logentry", "pk": 256, "fields": {"action_time": "2022-11-29T02:26:31.191Z", "user": 2, "content_type": 19, "object_id": "2", "object_repr": "Mr Banks", "action_flag": 3, "change_message": ""}}, {"model": "admin.logentry", "pk": 257, "fields": {"action_time": "2022-11-29T02:26:31.194Z", "user": 2, "content_type": 19, "object_id": "1", "object_repr": "Mr Banks", "action_flag": 3, "change_message": ""}}, {"model": "admin.logentry", "pk": 258, "fields": {"action_time": "2022-11-29T02:27:25.467Z", "user": 2, "content_type": 19, "object_id": "3", "object_repr": "Mr Banks", "action_flag": 3, "change_message": ""}}, {"model": "admin.logentry", "pk": 259, "fields": {"action_time": "2022-11-30T04:15:04.580Z", "user": 2, "content_type": 15, "object_id": "30", "object_repr": "18BEED84222F4A8CB552652576DAE078", "action_flag": 3, "change_message": ""}}, {"model": "admin.logentry", "pk": 260, "fields": {"action_time": "2022-11-30T04:15:04.583Z", "user": 2, "content_type": 15, "object_id": "29", "object_repr": "B6ECBBF10E4D440A8A68180F310B843A", "action_flag": 3, "change_message": ""}}, {"model": "admin.logentry", "pk": 261, "fields": {"action_time": "2022-11-30T04:15:04.585Z", "user": 2, "content_type": 15, "object_id": "28", "object_repr": "896238A574714D378CF1ECDBB5386F55", "action_flag": 3, "change_message": ""}}, {"model": "admin.logentry", "pk": 262, "fields": {"action_time": "2022-11-30T04:15:04.587Z", "user": 2, "content_type": 15, "object_id": "27", "object_repr": "F4EAD537B9BF49B8A1F7201E7314C5C9", "action_flag": 3, "change_message": ""}}, {"model": "admin.logentry", "pk": 263, "fields": {"action_time": "2022-11-30T04:15:04.588Z", "user": 2, "content_type": 15, "object_id": "26", "object_repr": "EB47A78D272A42B5A1C20F9D25E8140D", "action_flag": 3, "change_message": ""}}, {"model": "admin.logentry", "pk": 264, "fields": {"action_time": "2022-11-30T04:15:04.590Z", "user": 2, "content_type": 15, "object_id": "25", "object_repr": "928C89A041E747BFB942FF396D05327B", "action_flag": 3, "change_message": ""}}, {"model": "admin.logentry", "pk": 265, "fields": {"action_time": "2022-11-30T04:15:04.592Z", "user": 2, "content_type": 15, "object_id": "24", "object_repr": "ACBE7909E3CC44448AB8F1282E9C21E8", "action_flag": 3, "change_message": ""}}, {"model": "admin.logentry", "pk": 266, "fields": {"action_time": "2022-11-30T04:15:04.593Z", "user": 2, "content_type": 15, "object_id": "23", "object_repr": "E7C464B5DC3B4F8390ACF4329AB2264A", "action_flag": 3, "change_message": ""}}, {"model": "admin.logentry", "pk": 267, "fields": {"action_time": "2022-11-30T04:15:04.595Z", "user": 2, "content_type": 15, "object_id": "22", "object_repr": "E8D0BC56427C43A5BEE80AB22C09DA88", "action_flag": 3, "change_message": ""}}, {"model": "admin.logentry", "pk": 268, "fields": {"action_time": "2022-11-30T04:15:04.596Z", "user": 2, "content_type": 15, "object_id": "21", "object_repr": "3F161B2E7EEA496B807B1D8D5A3191F2", "action_flag": 3, "change_message": ""}}, {"model": "admin.logentry", "pk": 269, "fields": {"action_time": "2022-11-30T23:14:16.037Z", "user": 2, "content_type": 20, "object_id": "1", "object_repr": "Comment This is a test by AE_ADMIN", "action_flag": 3, "change_message": ""}}, {"model": "admin.logentry", "pk": 270, "fields": {"action_time": "2022-11-30T23:14:16.039Z", "user": 2, "content_type": 20, "object_id": "2", "object_repr": "Comment This is a test by AE_ADMIN", "action_flag": 3, "change_message": ""}}, {"model": "admin.logentry", "pk": 271, "fields": {"action_time": "2022-11-30T23:14:32.368Z", "user": 2, "content_type": 20, "object_id": "3", "object_repr": "Comment This is a test by AE_ADMIN", "action_flag": 3, "change_message": ""}}, {"model": "admin.logentry", "pk": 272, "fields": {"action_time": "2022-12-01T00:01:47.097Z", "user": 2, "content_type": 20, "object_id": "4", "object_repr": "Comment this is a test by AE_ADMIN", "action_flag": 2, "change_message": "[{\"changed\": {\"fields\": [\"Approved\"]}}]"}}, {"model": "admin.logentry", "pk": 273, "fields": {"action_time": "2022-12-01T00:54:49.883Z", "user": 2, "content_type": 13, "object_id": "20", "object_repr": "Jockey Women Grey Melange Shorts", "action_flag": 2, "change_message": "[{\"changed\": {\"fields\": [\"Likes\"]}}]"}}, {"model": "admin.logentry", "pk": 274, "fields": {"action_time": "2022-12-01T01:00:22.479Z", "user": 2, "content_type": 13, "object_id": "20", "object_repr": "Jockey Women Grey Melange Shorts", "action_flag": 2, "change_message": "[{\"changed\": {\"fields\": [\"Likes\"]}}]"}}, {"model": "admin.logentry", "pk": 275, "fields": {"action_time": "2022-12-01T01:21:02.382Z", "user": 2, "content_type": 13, "object_id": "20", "object_repr": "Jockey Women Grey Melange Shorts", "action_flag": 2, "change_message": "[{\"changed\": {\"fields\": [\"Likes\"]}}]"}}, {"model": "admin.logentry", "pk": 276, "fields": {"action_time": "2022-12-01T02:22:12.908Z", "user": 2, "content_type": 20, "object_id": "4", "object_repr": "Review object (4)", "action_flag": 2, "change_message": "[{\"changed\": {\"fields\": [\"Approved\"]}}]"}}, {"model": "admin.logentry", "pk": 277, "fields": {"action_time": "2022-12-01T15:55:42.193Z", "user": 2, "content_type": 20, "object_id": "4", "object_repr": "Review object (4)", "action_flag": 3, "change_message": ""}}, {"model": "admin.logentry", "pk": 278, "fields": {"action_time": "2022-12-01T15:55:42.198Z", "user": 2, "content_type": 20, "object_id": "8", "object_repr": "Review object (8)", "action_flag": 3, "change_message": ""}}, {"model": "admin.logentry", "pk": 279, "fields": {"action_time": "2022-12-01T15:55:42.200Z", "user": 2, "content_type": 20, "object_id": "9", "object_repr": "Review object (9)", "action_flag": 3, "change_message": ""}}, {"model": "admin.logentry", "pk": 280, "fields": {"action_time": "2022-12-01T15:55:42.202Z", "user": 2, "content_type": 20, "object_id": "10", "object_repr": "Review object (10)", "action_flag": 3, "change_message": ""}}, {"model": "admin.logentry", "pk": 281, "fields": {"action_time": "2022-12-01T15:55:42.204Z", "user": 2, "content_type": 20, "object_id": "11", "object_repr": "Review object (11)", "action_flag": 3, "change_message": ""}}, {"model": "auth.permission", "pk": 1, "fields": {"name": "Can add log entry", "content_type": 1, "codename": "add_logentry"}}, {"model": "auth.permission", "pk": 2, "fields": {"name": "Can change log entry", "content_type": 1, "codename": "change_logentry"}}, {"model": "auth.permission", "pk": 3, "fields": {"name": "Can delete log entry", "content_type": 1, "codename": "delete_logentry"}}, {"model": "auth.permission", "pk": 4, "fields": {"name": "Can view log entry", "content_type": 1, "codename": "view_logentry"}}, {"model": "auth.permission", "pk": 5, "fields": {"name": "Can add permission", "content_type": 2, "codename": "add_permission"}}, {"model": "auth.permission", "pk": 6, "fields": {"name": "Can change permission", "content_type": 2, "codename": "change_permission"}}, {"model": "auth.permission", "pk": 7, "fields": {"name": "Can delete permission", "content_type": 2, "codename": "delete_permission"}}, {"model": "auth.permission", "pk": 8, "fields": {"name": "Can view permission", "content_type": 2, "codename": "view_permission"}}, {"model": "auth.permission", "pk": 9, "fields": {"name": "Can add group", "content_type": 3, "codename": "add_group"}}, {"model": "auth.permission", "pk": 10, "fields": {"name": "Can change group", "content_type": 3, "codename": "change_group"}}, {"model": "auth.permission", "pk": 11, "fields": {"name": "Can delete group", "content_type": 3, "codename": "delete_group"}}, {"model": "auth.permission", "pk": 12, "fields": {"name": "Can view group", "content_type": 3, "codename": "view_group"}}, {"model": "auth.permission", "pk": 13, "fields": {"name": "Can add user", "content_type": 4, "codename": "add_user"}}, {"model": "auth.permission", "pk": 14, "fields": {"name": "Can change user", "content_type": 4, "codename": "change_user"}}, {"model": "auth.permission", "pk": 15, "fields": {"name": "Can delete user", "content_type": 4, "codename": "delete_user"}}, {"model": "auth.permission", "pk": 16, "fields": {"name": "Can view user", "content_type": 4, "codename": "view_user"}}, {"model": "auth.permission", "pk": 17, "fields": {"name": "Can add content type", "content_type": 5, "codename": "add_contenttype"}}, {"model": "auth.permission", "pk": 18, "fields": {"name": "Can change content type", "content_type": 5, "codename": "change_contenttype"}}, {"model": "auth.permission", "pk": 19, "fields": {"name": "Can delete content type", "content_type": 5, "codename": "delete_contenttype"}}, {"model": "auth.permission", "pk": 20, "fields": {"name": "Can view content type", "content_type": 5, "codename": "view_contenttype"}}, {"model": "auth.permission", "pk": 21, "fields": {"name": "Can add session", "content_type": 6, "codename": "add_session"}}, {"model": "auth.permission", "pk": 22, "fields": {"name": "Can change session", "content_type": 6, "codename": "change_session"}}, {"model": "auth.permission", "pk": 23, "fields": {"name": "Can delete session", "content_type": 6, "codename": "delete_session"}}, {"model": "auth.permission", "pk": 24, "fields": {"name": "Can view session", "content_type": 6, "codename": "view_session"}}, {"model": "auth.permission", "pk": 25, "fields": {"name": "Can add site", "content_type": 7, "codename": "add_site"}}, {"model": "auth.permission", "pk": 26, "fields": {"name": "Can change site", "content_type": 7, "codename": "change_site"}}, {"model": "auth.permission", "pk": 27, "fields": {"name": "Can delete site", "content_type": 7, "codename": "delete_site"}}, {"model": "auth.permission", "pk": 28, "fields": {"name": "Can view site", "content_type": 7, "codename": "view_site"}}, {"model": "auth.permission", "pk": 29, "fields": {"name": "Can add email address", "content_type": 8, "codename": "add_emailaddress"}}, {"model": "auth.permission", "pk": 30, "fields": {"name": "Can change email address", "content_type": 8, "codename": "change_emailaddress"}}, {"model": "auth.permission", "pk": 31, "fields": {"name": "Can delete email address", "content_type": 8, "codename": "delete_emailaddress"}}, {"model": "auth.permission", "pk": 32, "fields": {"name": "Can view email address", "content_type": 8, "codename": "view_emailaddress"}}, {"model": "auth.permission", "pk": 33, "fields": {"name": "Can add email confirmation", "content_type": 9, "codename": "add_emailconfirmation"}}, {"model": "auth.permission", "pk": 34, "fields": {"name": "Can change email confirmation", "content_type": 9, "codename": "change_emailconfirmation"}}, {"model": "auth.permission", "pk": 35, "fields": {"name": "Can delete email confirmation", "content_type": 9, "codename": "delete_emailconfirmation"}}, {"model": "auth.permission", "pk": 36, "fields": {"name": "Can view email confirmation", "content_type": 9, "codename": "view_emailconfirmation"}}, {"model": "auth.permission", "pk": 37, "fields": {"name": "Can add social account", "content_type": 10, "codename": "add_socialaccount"}}, {"model": "auth.permission", "pk": 38, "fields": {"name": "Can change social account", "content_type": 10, "codename": "change_socialaccount"}}, {"model": "auth.permission", "pk": 39, "fields": {"name": "Can delete social account", "content_type": 10, "codename": "delete_socialaccount"}}, {"model": "auth.permission", "pk": 40, "fields": {"name": "Can view social account", "content_type": 10, "codename": "view_socialaccount"}}, {"model": "auth.permission", "pk": 41, "fields": {"name": "Can add social application", "content_type": 11, "codename": "add_socialapp"}}, {"model": "auth.permission", "pk": 42, "fields": {"name": "Can change social application", "content_type": 11, "codename": "change_socialapp"}}, {"model": "auth.permission", "pk": 43, "fields": {"name": "Can delete social application", "content_type": 11, "codename": "delete_socialapp"}}, {"model": "auth.permission", "pk": 44, "fields": {"name": "Can view social application", "content_type": 11, "codename": "view_socialapp"}}, {"model": "auth.permission", "pk": 45, "fields": {"name": "Can add social application token", "content_type": 12, "codename": "add_socialtoken"}}, {"model": "auth.permission", "pk": 46, "fields": {"name": "Can change social application token", "content_type": 12, "codename": "change_socialtoken"}}, {"model": "auth.permission", "pk": 47, "fields": {"name": "Can delete social application token", "content_type": 12, "codename": "delete_socialtoken"}}, {"model": "auth.permission", "pk": 48, "fields": {"name": "Can view social application token", "content_type": 12, "codename": "view_socialtoken"}}, {"model": "auth.permission", "pk": 49, "fields": {"name": "Can add product", "content_type": 13, "codename": "add_product"}}, {"model": "auth.permission", "pk": 50, "fields": {"name": "Can change product", "content_type": 13, "codename": "change_product"}}, {"model": "auth.permission", "pk": 51, "fields": {"name": "Can delete product", "content_type": 13, "codename": "delete_product"}}, {"model": "auth.permission", "pk": 52, "fields": {"name": "Can view product", "content_type": 13, "codename": "view_product"}}, {"model": "auth.permission", "pk": 53, "fields": {"name": "Can add Category", "content_type": 14, "codename": "add_category"}}, {"model": "auth.permission", "pk": 54, "fields": {"name": "Can change Category", "content_type": 14, "codename": "change_category"}}, {"model": "auth.permission", "pk": 55, "fields": {"name": "Can delete Category", "content_type": 14, "codename": "delete_category"}}, {"model": "auth.permission", "pk": 56, "fields": {"name": "Can view Category", "content_type": 14, "codename": "view_category"}}, {"model": "auth.permission", "pk": 57, "fields": {"name": "Can add order", "content_type": 15, "codename": "add_order"}}, {"model": "auth.permission", "pk": 58, "fields": {"name": "Can change order", "content_type": 15, "codename": "change_order"}}, {"model": "auth.permission", "pk": 59, "fields": {"name": "Can delete order", "content_type": 15, "codename": "delete_order"}}, {"model": "auth.permission", "pk": 60, "fields": {"name": "Can view order", "content_type": 15, "codename": "view_order"}}, {"model": "auth.permission", "pk": 61, "fields": {"name": "Can add order line item", "content_type": 16, "codename": "add_orderlineitem"}}, {"model": "auth.permission", "pk": 62, "fields": {"name": "Can change order line item", "content_type": 16, "codename": "change_orderlineitem"}}, {"model": "auth.permission", "pk": 63, "fields": {"name": "Can delete order line item", "content_type": 16, "codename": "delete_orderlineitem"}}, {"model": "auth.permission", "pk": 64, "fields": {"name": "Can view order line item", "content_type": 16, "codename": "view_orderlineitem"}}, {"model": "auth.permission", "pk": 65, "fields": {"name": "Can add user account", "content_type": 17, "codename": "add_useraccount"}}, {"model": "auth.permission", "pk": 66, "fields": {"name": "Can change user account", "content_type": 17, "codename": "change_useraccount"}}, {"model": "auth.permission", "pk": 67, "fields": {"name": "Can delete user account", "content_type": 17, "codename": "delete_useraccount"}}, {"model": "auth.permission", "pk": 68, "fields": {"name": "Can view user account", "content_type": 17, "codename": "view_useraccount"}}, {"model": "auth.permission", "pk": 69, "fields": {"name": "Can add FAQ", "content_type": 18, "codename": "add_faq"}}, {"model": "auth.permission", "pk": 70, "fields": {"name": "Can change FAQ", "content_type": 18, "codename": "change_faq"}}, {"model": "auth.permission", "pk": 71, "fields": {"name": "Can delete FAQ", "content_type": 18, "codename": "delete_faq"}}, {"model": "auth.permission", "pk": 72, "fields": {"name": "Can view FAQ", "content_type": 18, "codename": "view_faq"}}, {"model": "auth.permission", "pk": 73, "fields": {"name": "Can add Message", "content_type": 19, "codename": "add_contact"}}, {"model": "auth.permission", "pk": 74, "fields": {"name": "Can change Message", "content_type": 19, "codename": "change_contact"}}, {"model": "auth.permission", "pk": 75, "fields": {"name": "Can delete Message", "content_type": 19, "codename": "delete_contact"}}, {"model": "auth.permission", "pk": 76, "fields": {"name": "Can view Message", "content_type": 19, "codename": "view_contact"}}, {"model": "auth.permission", "pk": 77, "fields": {"name": "Can add review", "content_type": 20, "codename": "add_review"}}, {"model": "auth.permission", "pk": 78, "fields": {"name": "Can change review", "content_type": 20, "codename": "change_review"}}, {"model": "auth.permission", "pk": 79, "fields": {"name": "Can delete review", "content_type": 20, "codename": "delete_review"}}, {"model": "auth.permission", "pk": 80, "fields": {"name": "Can view review", "content_type": 20, "codename": "view_review"}}, {"model": "auth.user", "pk": 2, "fields": {"password": "pbkdf2_sha256$260000$4nPU7oOzQKRrJN3KBxXz6m$JiCUCj/uV/LfaU0bOwaPrhgZ3nAxw6/5Z8hDarGMSUA=", "last_login": "2022-12-02T13:46:35.125Z", "is_superuser": true, "username": "AE_ADMIN", "first_name": "", "last_name": "", "email": "AE_ADMIN@alphaexchange.com", "is_staff": true, "is_active": true, "date_joined": "2022-11-22T22:42:36.325Z", "groups": [], "user_permissions": []}}, {"model": "auth.user", "pk": 3, "fields": {"password": "pbkdf2_sha256$260000$kg90dFHUmgLishB4JQ9K3g$2gPCN+HUh1kkA96nskcdWhY+hv5wKkhUoQrR8Pe2PgI=", "last_login": "2022-11-27T23:54:09.978Z", "is_superuser": false, "username": "test_user", "first_name": "", "last_name": "", "email": "testemail@email.com", "is_staff": false, "is_active": true, "date_joined": "2022-11-23T01:56:43.173Z", "groups": [], "user_permissions": []}}, {"model": "contenttypes.contenttype", "pk": 1, "fields": {"app_label": "admin", "model": "logentry"}}, {"model": "contenttypes.contenttype", "pk": 2, "fields": {"app_label": "auth", "model": "permission"}}, {"model": "contenttypes.contenttype", "pk": 3, "fields": {"app_label": "auth", "model": "group"}}, {"model": "contenttypes.contenttype", "pk": 4, "fields": {"app_label": "auth", "model": "user"}}, {"model": "contenttypes.contenttype", "pk": 5, "fields": {"app_label": "contenttypes", "model": "contenttype"}}, {"model": "contenttypes.contenttype", "pk": 6, "fields": {"app_label": "sessions", "model": "session"}}, {"model": "contenttypes.contenttype", "pk": 7, "fields": {"app_label": "sites", "model": "site"}}, {"model": "contenttypes.contenttype", "pk": 8, "fields": {"app_label": "account", "model": "emailaddress"}}, {"model": "contenttypes.contenttype", "pk": 9, "fields": {"app_label": "account", "model": "emailconfirmation"}}, {"model": "contenttypes.contenttype", "pk": 10, "fields": {"app_label": "socialaccount", "model": "socialaccount"}}, {"model": "contenttypes.contenttype", "pk": 11, "fields": {"app_label": "socialaccount", "model": "socialapp"}}, {"model": "contenttypes.contenttype", "pk": 12, "fields": {"app_label": "socialaccount", "model": "socialtoken"}}, {"model": "contenttypes.contenttype", "pk": 13, "fields": {"app_label": "products", "model": "product"}}, {"model": "contenttypes.contenttype", "pk": 14, "fields": {"app_label": "products", "model": "category"}}, {"model": "contenttypes.contenttype", "pk": 15, "fields": {"app_label": "checkout", "model": "order"}}, {"model": "contenttypes.contenttype", "pk": 16, "fields": {"app_label": "checkout", "model": "orderlineitem"}}, {"model": "contenttypes.contenttype", "pk": 17, "fields": {"app_label": "users", "model": "useraccount"}}, {"model": "contenttypes.contenttype", "pk": 18, "fields": {"app_label": "about", "model": "faq"}}, {"model": "contenttypes.contenttype", "pk": 19, "fields": {"app_label": "contact", "model": "contact"}}, {"model": "contenttypes.contenttype", "pk": 20, "fields": {"app_label": "products", "model": "review"}}, {"model": "sessions.session", "pk": "1blvjzb0bexlxq0omuhzzshto22vsvxo", "fields": {"session_data": ".eJyrVkpKLM5OLVGyqlYytFCyMtRRMjIGcTJLUnPjizOrUotBvFywDJBpWFurowRUYGRgDFSJXSFYiTmYAQArMht9:1orUup:ppXvFpiv8eDfOj6fFhgeSvSk676mdRh3FLlfvlLLgig", "expire_date": "2022-11-20T01:57:39.360Z"}}, {"model": "sessions.session", "pk": "39k5q6qziohm6av08b46n5c0wyxry6my", "fields": {"session_data": "eyJiYXNrZXQiOnsiODEiOnsiaXRlbV9zaXplcyI6eyJtIjoxfX0sIjMiOjIsIjEwNCI6MiwiMTE3Ijo0fX0:1orkgo:9jXJ9ljeaHnCWlTS4Vzx-_OS8NMhJchh7V6tBNSHxLs", "expire_date": "2022-11-20T18:48:14.199Z"}}, {"model": "sessions.session", "pk": "4hiwes9y22iv57fsdjn6dynbzsd606eo", "fields": {"session_data": ".eJxVjMEOwiAQBf-Fc0MKhWJ79O43kF1YLGrAQGs0xn_Xmh70-mbePJmFZZ7sUqnY6NnIJGt-NwR3prQCf4J0zNzlNJeIfFX4Ris_ZE-X_eb-BSao0-fd7pweTI_kvAuhlQZFR8qRwwAAQjsPwShtjBE4SEM7EF3v-w6lV6jVN1qp1piTpfs1lgcb24ZVuJGNKWQ2zmWh1xtHhUZO:1p0qSn:KsAn6o6R4M0dDICaFxTlbOALYi9SnF6nkmP9QgdFI6I", "expire_date": "2022-12-15T20:47:21.288Z"}}, {"model": "sessions.session", "pk": "4t53enakmk8p3gq5e5m5l6d91c4l4ih4", "fields": {"session_data": ".eJxVjDsOgzAQRO-yNbK8-Atl-pwBre11IEQgYagQdw9IFEk10sybt0NH29p3W-GlGxK0gFD9doHiyNM1pDdNr1nEeVqXIYgLEfdaxHNO_Hnc7J-gp9KfbyezszEimSgbZSRidrXMmikZHT2HRqWgfR0sq-Rl0JaUyshOGYzW61MaqIy8QruDgrauAP0Zx_EFYko93A:1oqM5S:2UuGvUjphgnGQbpCYz7Rtx3ehoTziS98Ik4EG80_Vfk", "expire_date": "2022-11-16T22:19:54.970Z"}}, {"model": "sessions.session", "pk": "5xt2lfcq7xv4izonukahd1u7ctrkd99x", "fields": {"session_data": "e30:1oxbwq:o6xcs_aIIdVVF14W8lM1fH2Jc95BbPNTfoaSw74Y0y4", "expire_date": "2022-12-06T22:41:00.068Z"}}, {"model": "sessions.session", "pk": "8nlmbal7ojja9o4f1kyd20bbsik2vhpy", "fields": {"session_data": "eyJiYXNrZXQiOnsiMzUiOnsiaXRlbV9zaXplcyI6eyJtIjoyLCJsIjoxfX0sIjE4IjoxfX0:1orNNG:XNwRJtSZXOxyD9OyK9L3OLKDQnVXjZUWkutqm8QxPcw", "expire_date": "2022-11-19T17:54:30.607Z"}}, {"model": "sessions.session", "pk": "8y1ceaq4g720fqdmats089z8rcn4lcxn", "fields": {"session_data": ".eJxVjDsOwjAQBe_iGll21r9Q0nMGa71e4wBypDipEHeHSCmgfTPzXiLitta4dV7ilMVZaHH63RLSg9sO8h3bbZY0t3WZktwVedAur3Pm5-Vw_w4q9vqtvSreEWm0pEawSuviB1UMY7aGAqcRcjJhSI4hB5WMQ4Ci2YPV5IIR7w_dXTeY:1okUuj:UuJOw-h3L4ApUCCvfcyvso0J2YLOqcmr9w89dCGyqtk", "expire_date": "2022-10-31T18:32:37.979Z"}}, {"model": "sessions.session", "pk": "92vsfdbms625127tto82ck3ozw252v8h", "fields": {"session_data": ".eJxVjMsOwiAUBf-FtSFQnu3Svd9A4HKxqAEDbaIx_rs26UK3Z-bMizi_LrNbOzaXI5kIJ4ffLXi4YtlAvPhyrhRqWVoOdFPoTjs91Yi34-7-BWbf5-_bsGQ0APcK2CgU4zyZgSWJPioJFsMoYpB2CBpFtCxI7YVIHI1QHLSVW7Rj77kWh497bk8ysfcHf5M-1Q:1ooXco:opSodyCMX6yFbuwS5YLDLXipzR2Pkb2ATch-Sykl8KU", "expire_date": "2022-11-11T22:14:50.242Z"}}, {"model": "sessions.session", "pk": "ac2f6sll94p49pcvn7soc5b8az4z4wic", "fields": {"session_data": "eyJiYXNrZXQiOnsiMjAiOjEsIjE4IjoxfX0:1orSum:hb995qKgzmW1Pl0HgZdYUnr0BPddQ4Bo5RX_6V0r8rM", "expire_date": "2022-11-19T23:49:28.450Z"}}, {"model": "sessions.session", "pk": "akz76uhpy92r3dyzyo673sj7mz5gd2um", "fields": {"session_data": ".eJxVTEsOgjAQvcusCYFSKLB07xmamXaQioBhIFGJdxcMC32Ll7zvChaXubWL8GSDhxoURL8eoet42AN_xeEyxm4c5ilQvFfiI5X4PHq-nY7u30GL0m7rpHR5ZQpi513TJMpQmrF27KhBxDR3Hhujc2NMSpUyXGKaFb7ISHlNuf6eCouEcbD8uIfpCXUSAaF0PEO9gkp2DjP3VsKLZVc91Oq94QOIv0zt:1oxocS:aIOHDvHSSxQ_7cDiNfEW3Fts6hE8xaGuTxXYUXwP21U", "expire_date": "2022-12-07T12:12:48.642Z"}}, {"model": "sessions.session", "pk": "bhb2z2m4uk9rguatv81ode5ixeuc73bu", "fields": {"session_data": ".eJyrVkpKLM5OLVGyqlYyMgCRmSWpufHFmVWpxSBerpKVYW2tjpKRIR45I1xytbUA2n4fNg:1owm8C:AcftyfGbThiPyg1NOq8BgddBVsA_IbYV0HCbatKQHLQ", "expire_date": "2022-12-04T15:21:16.487Z"}}, {"model": "sessions.session", "pk": "dezywtxczm3sy49rm7bznu7omp0wyjzj", "fields": {"session_data": ".eJxVjMsOwiAUBf-FtSFQnu3Svd9A4HKxqAEDbaIx_rs26abbMzPnQ1zH3nMtDl_P3N5kYifi_LrMbu3YXI5kIpwctuDhjmUD8ebLtVKoZWk50E2hO-30UiM-zrt7OJh9n_-1YcloAO4VsFEoxnkyA0sSfVQSLIZRxCDtEDSKaFmQ2guROBqhOGgryfcHBkg-1Q:1oiL8u:FBLd4iJY2Fvo-SoYTHY6AjFHo7i8_I2N19zp6bOrYqY", "expire_date": "2022-10-25T19:42:20.015Z"}}, {"model": "sessions.session", "pk": "dvjdw628t974o8odw2lgm8cagauxcl9a", "fields": {"session_data": ".eJxVjMsOwiAUBf-FtSFQnu3Svd9A4HKxqAEDbaIx_rs26UK3Z-bMizi_LrNbOzaXI5kIJ4ffLXi4YtlAvPhyrhRqWVoOdFPoTjs91Yi34-7-BWbf5-_bsGQ0APcK2CgU4zyZgSWJPioJFsMoYpB2CBpFtCxI7YVIHI1QHLSVW7Rj77kWh497bk8ysfcHf5M-1Q:1ojiRu:rcT_G7_-Js7Ugvr8tdwVyVkaNi7xy25WEqoVVQH3PnU", "expire_date": "2022-10-29T14:47:38.123Z"}}, {"model": "sessions.session", "pk": "hwo09ndgmyizwcsers1470d3qo9eeczi", "fields": {"session_data": ".eJxVTEsOgyAQvcusG-Ig4GfZfc9ABhgrtdVEcFPTu1cSF-1bvOR9d7C05dFuiVcbA_SAcPn1HPmJ5xKEB833Rfhlzmt0olTEmSZxWwI_r2f372CkNB5r7dAo73VHklCGQIOS6AmZW9KVV45U29RD44KptdYdG5QDqToo6rxp2uPUUZo4Q7-DrArHzC-b4ptTUS_o8XPgC3Q2ROk:1oudCO:Djz1lwF7NUzDWFMmaf1H2XHeZypU8O8UPCRgCQM8tq0", "expire_date": "2022-11-28T17:24:44.488Z"}}, {"model": "sessions.session", "pk": "iobfbmvu2dp5bxduc0tzzqdbzetihyuv", "fields": {"session_data": ".eJxVTEsOgjAQvcusCYFSKLB07xmamXaQioBhIFGJdxcMC32Ll7zvChaXubWL8GSDhxoURL8eoet42AN_xeEyxm4c5ilQvFfiI5X4PHq-nY7u30GL0m7rpHR5ZQpi513TJMpQmrF27KhBxDR3Hhujc2NMSpUyXGKaFb7ISHlNuf6eCouEcbD8uIfpCXUSAaF0PEO9gkp2DjP3VsKLZVc91Oq94QOIv0zt:1p0Hzf:rGoLK-u5rzLa1UZYCienL7jhuIOPzvldirzsoy1TDXg", "expire_date": "2022-12-14T07:58:59.517Z"}}, {"model": "sessions.session", "pk": "itw6czd8e2ijxbty4iu4dl7gx2glswif", "fields": {"session_data": ".eJxVjMsOgjAUBf-la9PQ0vaCS_d-Q3NfFdRAQmFl_HclYaHbMzPnZTJu65C3qksexZyNN6ffjZAfOu1A7jjdZsvztC4j2V2xB632Oos-L4f7dzBgHb5103HsIZGycCmNB3KtBlamgogusmCBEAHAUe9BO3RtktSSl0AxiHl_ABVUOO0:1oz4yV:Q01uovRwHxhg5geCaX1JOGX4Rtn8ESSNw_ggC0IrZ-0", "expire_date": "2022-12-10T23:52:47.909Z"}}, {"model": "sessions.session", "pk": "j87d9rajhc835doij3ln1o4cmdtw0ca9", "fields": {"session_data": ".eJxVjEEOwiAQRe_C2hChQGmX7j0DGWYGqRpISuvGeHfbpAvd_vf-e4sA65LD2ngOE4lRKHH63SLgg8sO6A7lViXWssxTlLsiD9rktRI_L4f7F8jQ8va2UTmDaAfQoDQRJKMVgmL2YM9oIhjfd6mP5Dpr7cBO6QSmIwMDut5v0QYvDlNJVYzLvPLnC-NDPks:1owrwy:Th4CbRLh4GEmwr8xNLEh133xdBnBG67iL0eW7mVbDyA", "expire_date": "2022-12-04T21:34:04.231Z"}}, {"model": "sessions.session", "pk": "kgr0udfen25nea3rvw22hnojkj8tb1h6", "fields": {"session_data": "eyJiYXNrZXQiOnsiMjAiOjF9fQ:1ouGpN:Y4dKs6Iydps6urOFitsG6xTd4LsFn4J7zJ___UvB2Cs", "expire_date": "2022-11-27T17:31:29.171Z"}}, {"model": "sessions.session", "pk": "lsfu5fzx2ygncetqfb0zannn1odefmi2", "fields": {"session_data": ".eJxVjMsOwiAUBf-FtSFQnu3Svd9A4HKxqAEDbaIx_rs26UK3Z-bMizi_LrNbOzaXI5kIJ4ffLXi4YtlAvPhyrhRqWVoOdFPoTjs91Yi34-7-BWbf5-_bsGQ0APcK2CgU4zyZgSWJPioJFsMoYpB2CBpFtCxI7YVIHI1QHLSVW7Rj77kWh497bk8ysfcHf5M-1Q:1oj2n0:_gLwWD4W-cmpoS8XGpIVyzcy29WrExaRh1JBvI9Ona0", "expire_date": "2022-10-27T18:18:38.009Z"}}, {"model": "sessions.session", "pk": "ltoko4kyx3qa3ow50gumxlp0x3alc8nz", "fields": {"session_data": ".eJxVjMEOwiAQBf-Fc0MKhWJ79O43kF1YLGrAQGs0xn_Xmh70-mbePJmFZZ7sUqnY6NnIJGt-NwR3prQCf4J0zNzlNJeIfFX4Ris_ZE-X_eb-BSao0-fd7pweTI_kvAuhlQZFR8qRwwAAQjsPwShtjBE4SEM7EF3v-w6lV6jVN1qp1piTpfs1lgcb24ZVuJGNKWQ2zmWh1xtHhUZO:1p194Z:-Gh2PDxAY_KqCGOMdxYgHM8TKTu4YRcUxWNo9d07QTo", "expire_date": "2022-12-16T16:39:35.187Z"}}, {"model": "sessions.session", "pk": "m0akc2mzxgefey1oip59mst8t8bl1rn1", "fields": {"session_data": "eyJiYXNrZXQiOnsiMjMiOjEsIjE4IjoxLCIyMCI6MX19:1orKGV:vTIdHXrKzl--nw__P2To5mi78Q3qEgZodLE4S-4lg3w", "expire_date": "2022-11-19T14:35:19.750Z"}}, {"model": "sessions.session", "pk": "of2dwq88p5nfa3jf39lnagkns8leyzbr", "fields": {"session_data": "eyJiYXNrZXQiOnsiOTIiOjQsIjIxIjp7Iml0ZW1fc2l6ZXMiOnsibSI6MX19fX0:1ouwRy:Kc3BuDyx8Gw6-6k8rUAbo9uGKxlWAhGkgWSX2wV6tmk", "expire_date": "2022-11-29T13:58:06.930Z"}}, {"model": "sessions.session", "pk": "qyp1r9e2d2kvfwdq4nrru6heaffv74ng", "fields": {"session_data": "eyJzYXZlX2luZm8iOmZhbHNlLCJiYXNrZXQiOnt9fQ:1ozV2v:i0rhNs49RbMkWVd_j28NolaK0S1uB2NaXqP9G5tbPok", "expire_date": "2022-12-12T03:43:05.271Z"}}, {"model": "sessions.session", "pk": "s9ogfiv9r0g6z36lfcygzljdpgcad2wy", "fields": {"session_data": ".eJxVjDsOgzAQBe-yNbK8_kOZPmdAa3sdSCKQMFSIuydINLRvZt4OkeqHV-h2UBo61QAqhA6PBnra1qHfKi_9mKEDhNsWKX14OkF-0_SaRZqndRmjOBVx0Sqec-bv43JvBwPV4V97WbxLCckm2WorEYtXshimbE0KHFudowkqOtY5yGgcaV2QvbaYXDBw_ACy9D44:1orLxU:pR_BjKQoy1oYDXKBt-7Fw0L5i_3ZPvjI2JRjVogmEnI", "expire_date": "2022-11-19T16:23:48.297Z"}}, {"model": "sessions.session", "pk": "u43pas0iwjjekcyzrag2rjtsvgkgidat", "fields": {"session_data": ".eJxVjM0OgjAQhN9lz4a05afA0bvP0Oy2i1QUDAuJSnh3xXDhMsnMNzMLEErHE9QLGLVpnPjhJH5YNveA2qzregKH89S6WXh0MUANBg4Zoe-430C4YX8dEj_00xgp2SrJTiW5DIHv5717OGhR2t9alT6vbEHsg28aZSzplDPPnhpE1LkP2Ngst9ZqqozlEnVahCIlEzLKs_-psEgcesevZxzfUKv1C1pOTO0:1p01UE:kj2o0CP6co85gt2A-0oEgCEqSx4EDgkO41avL6cgZtA", "expire_date": "2022-12-13T14:21:26.097Z"}}, {"model": "sessions.session", "pk": "wtfz4th7v5fftm48rmrbocv49mi31bz8", "fields": {"session_data": "e30:1oxbw3:zOT65stxcs2NJ__g4P6Z1GoPsR7yQmsfLwiBKCCQyy8", "expire_date": "2022-12-06T22:40:11.815Z"}}, {"model": "sessions.session", "pk": "x0dvjpnbzrl55arphzzmjjliam0k6ykk", "fields": {"session_data": ".eJxVTMtuwjAQ_Jc9R1HsPAw-9s43WLv2unEpNso6CIr67xDEoZ3DSPO8g8O1zm4VXlwKYEFD89cj9EfOWxC-MH-W1pdcl0TtVmnfqbSHEvj74939dzCjzM91t_Pj3kzEPvgYO21I9Tx49hQRUY0-YDTDaIxRtNeGd6j6KUw96TDQOLxOhUVSyY6v57TcwHYNCF7YpRwL2Lqs3AChHLmCvYPuNk6VT07SD8umTmDV7xMP7ZxTEA:1ozqLF:STql-llYHy4ljnn1AY5-VfxC8SYCCQTf-mdb5dXSxBo", "expire_date": "2022-12-13T02:27:25.532Z"}}, {"model": "sessions.session", "pk": "z7qw7ha2dcxjkoexc57z2kj31vu226xt", "fields": {"session_data": ".eJxVjjsOgzAQRO-yNbK8_uMyfc6A_FkHQgQShgpx94BEkXSjmTej2aEL29p3W6WlGzJ4QGh-vRjSSNMV5HeYXjNL87QuQ2QXwu60suec6fO42b-BPtT-bFterEkJg068lZojFit4URSyVslRbGWOyoloSGbHozJByoJkpcZknDpHY6gjreB3QCHAY3N-9aqBSx_HFxPKPxQ:1oo4oE:SSfsfoO6EHlKkUwzhnBkxncSsIhYUg7wuCf_comm9_8", "expire_date": "2022-11-10T15:28:42.716Z"}}, {"model": "sites.site", "pk": 1, "fields": {"domain": "alpha_exchange.com", "name": "Alpha Exchange"}}, {"model": "account.emailaddress", "pk": 2, "fields": {"user": 2, "email": "AE_ADMIN@alphaexchange.com", "verified": true, "primary": true}}, {"model": "account.emailaddress", "pk": 3, "fields": {"user": 3, "email": "testemail@email.com", "verified": true, "primary": true}}, {"model": "products.category", "pk": 1, "fields": {"name": "activewear", "friendly_name": "Activewear", "image": "allen-solly-women-red-shorts.webp"}}, {"model": "products.category", "pk": 2, "fields": {"name": "bed_bath", "friendly_name": "Bed & Bath", "image": "playboy-men-malibu-fragrance-gift-set.webp"}}, {"model": "products.category", "pk": 3, "fields": {"name": "clearance", "friendly_name": "Clearance", "image": "qq-men-black-watch.webp"}}, {"model": "products.category", "pk": 4, "fields": {"name": "bags", "friendly_name": "Bags", "image": "puma-men-motion-mr-black-shoulder-bag.webp"}}, {"model": "products.category", "pk": 5, "fields": {"name": "accessories", "friendly_name": "Accessories", "image": "revv-men-steel-bracelet.webp"}}, {"model": "products.category", "pk": 6, "fields": {"name": "jeans", "friendly_name": "Jeans", "image": "tokyo-talkies-women-navy-slim-fit-jeans.webp"}}, {"model": "products.category", "pk": 7, "fields": {"name": "shoes", "friendly_name": "Shoes", "image": "timberland-men-black-casual-shoes.webp"}}, {"model": "products.category", "pk": 8, "fields": {"name": "loungewear", "friendly_name": "Loungewear", "image": "inaya-women-lounge-top.webp"}}, {"model": "products.category", "pk": 9, "fields": {"name": "shirts", "friendly_name": "Shirts", "image": "wrangler-women-pink-t-shirt.webp"}}, {"model": "products.product", "pk": 1, "fields": {"name": "Nike Men's Incinerate MSL White Blue Shoe", "category": 1, "sku": "sku100001", "description": "Step up and step out in the classic Men's Nike Incinerate MSL White Blue Casual Shoes. Classic colorways offer up a fresh look to any of your street-ready pieces.", "price": "19.48", "rating": "1.80", "image": "nike-mens-incinerate-msl-white-blue-shoe.webp", "has_sizes": true, "recommended_use": "Clothing", "featured": false, "likes": []}}, {"model": "products.product", "pk": 2, "fields": {"name": "Puma Men Long Logo Black Bermuda", "category": 1, "sku": "sku100002", "description": "Puma bring to you these Long Logo Black Bermuda Shorts which arrive in a black colourway with Puma branding the perfect addition to your activewear collection", "price": "18.78", "rating": "1.30", "image": "puma-men-long-logo-black-bermuda.webp", "has_sizes": true, "recommended_use": "Clothing", "featured": false, "likes": []}}, {"model": "products.product", "pk": 3, "fields": {"name": "ADIDAS Men's Lowell White Silver Shoe", "category": 1, "sku": "sku100003", "description": "Step up and step out in the classic ADIDAS Men's Lowell White Silver Shoes. Classic colorways offer up a fresh look to any of your street-ready pieces.", "price": "19.63", "rating": "2.40", "image": "adidas-mens-lowell-white-silver-shoe.webp", "has_sizes": true, "recommended_use": "Clothing", "featured": false, "likes": []}}, {"model": "products.product", "pk": 4, "fields": {"name": "Do U Speak Green Men Blue Shorts", "category": 1, "sku": "sku100004", "description": "Do U Speak Green bring to you these Men Blue Shorts which arrive in a blue colourway with Do U Speak Green branding the perfect addition to your activewear collection", "price": "19.53", "rating": "1.10", "image": "do-u-speak-green-men-blue-shorts.webp", "has_sizes": true, "recommended_use": "Clothing", "featured": false, "likes": []}}, {"model": "products.product", "pk": 5, "fields": {"name": "Puma Men Axis White & Grey Sports Shoes", "category": 1, "sku": "sku100005", "description": "Step up and step out in the classic Puma Men Axis White & Grey Sports Shoes. Classic colorways offer up a fresh look to any of your street-ready pieces.", "price": "19.70", "rating": "2.20", "image": "puma-men-axis-white-grey-sports-shoes.webp", "has_sizes": true, "recommended_use": "Clothing", "featured": false, "likes": []}}, {"model": "products.product", "pk": 6, "fields": {"name": "ADIDAS Men White Corona Sports Shoes", "category": 1, "sku": "sku100006", "description": "Step up and step out in the classic ADIDAS Men White Corona Sports Shoes. Classic colorways offer up a fresh look to any of your street-ready pieces.", "price": "19.88", "rating": "1.10", "image": "adidas-men-white-corona-sports-shoes.webp", "has_sizes": true, "recommended_use": "Clothing", "featured": false, "likes": []}}, {"model": "products.product", "pk": 7, "fields": {"name": "Fila Men Destiny Grey Sports Shoes", "category": 1, "sku": "sku100007", "description": "Step up and step out in the classic Fila Men Destiny Grey Sports Shoes. Classic colorways offer up a fresh look to any of your street-ready pieces.", "price": "18.70", "rating": "2.00", "image": "fila-men-destiny-grey-sports-shoes.webp", "has_sizes": true, "recommended_use": "Clothing", "featured": false, "likes": []}}, {"model": "products.product", "pk": 8, "fields": {"name": "ADIDAS Men Blue Chill Sports Shoes", "category": 1, "sku": "sku100008", "description": "Step up and step out in the classic ADIDAS Men Blue Chill Sports Shoes. Classic colorways offer up a fresh look to any of your street-ready pieces.", "price": "16.56", "rating": "4.60", "image": "adidas-men-blue-chill-sports-shoes.webp", "has_sizes": true, "recommended_use": "Clothing", "featured": false, "likes": []}}, {"model": "products.product", "pk": 9, "fields": {"name": "Nike Men Air Relentless 2 MSL White Sports Shoes", "category": 1, "sku": "sku100009", "description": "Step up and step out in the classic Nike Men Air Relentless 2 MSL White Sports Shoes. Classic colorways offer up a fresh look to any of your street-ready pieces.", "price": "19.89", "rating": "2.10", "image": "nike-men-air-relentless-2-msl-white-sports-shoes.webp", "has_sizes": true, "recommended_use": "Clothing", "featured": false, "likes": []}}, {"model": "products.product", "pk": 10, "fields": {"name": "Lotto Men Atlantica Black Sports Shoe", "category": 1, "sku": "sku100010", "description": "Step up and step out in the classic Nike Men Air Relentless 2 MSL White Sports Shoes. Classic colorways offer up a fresh look to any of your street-ready pieces.", "price": "19.63", "rating": "1.70", "image": "lotto-men-atlantica-black-sports-shoe.webp", "has_sizes": true, "recommended_use": "Clothing", "featured": false, "likes": []}}, {"model": "products.product", "pk": 11, "fields": {"name": "ADIDAS Men Sports Black Sports Shoes", "category": 1, "sku": "sku100011", "description": "Step up and step out in the classic ADIDAS Men Sports Black Sports Shoes. Classic colorways offer up a fresh look to any of your street-ready pieces.", "price": "17.61", "rating": "3.00", "image": "adidas-men-sports-black-sports-shoes.webp", "has_sizes": true, "recommended_use": "Clothing", "featured": false, "likes": []}}, {"model": "products.product", "pk": 12, "fields": {"name": "Gini and Jony Kids Boys Solid Black Shorts", "category": 1, "sku": "sku100012", "description": "Gini and Jony bring to you these Kids Boys Solid Black Shorts which arrive in a black colourway with Gini and Jony branding the perfect addition to your activewear collection", "price": "19.05", "rating": "1.30", "image": "gini-and-jony-kids-boys-solid-black-shorts.webp", "has_sizes": true, "recommended_use": "Clothing", "featured": false, "likes": []}}, {"model": "products.product", "pk": 13, "fields": {"name": "Nike Women Solid Pink Shorts", "category": 1, "sku": "sku100013", "description": "Nike bring to you these Women Solid Pink Shorts which arrive in a pink colourway with Nike branding the perfect addition to your activewear collection", "price": "19.30", "rating": "2.80", "image": "nike-women-solid-pink-shorts.webp", "has_sizes": true, "recommended_use": "Clothing", "featured": false, "likes": []}}, {"model": "products.product", "pk": 14, "fields": {"name": "ADIDAS Women Lavender Hagkok Sports Shoes", "category": 1, "sku": "sku100014", "description": "Step up and step out in the classic ADIDAS Women Lavender Hagkok Sports Shoes. Classic colorways offer up a fresh look to any of your street-ready pieces.", "price": "18.91", "rating": "4.20", "image": "adidas-women-lavender-hagkok-sports-shoes.webp", "has_sizes": true, "recommended_use": "Clothing", "featured": false, "likes": []}}, {"model": "products.product", "pk": 15, "fields": {"name": "Nike Women Free Run Pink Sports Shoes", "category": 1, "sku": "sku100015", "description": "Step up and step out in the classic Nike Women Free Run Pink Sports Shoes. Classic colorways offer up a fresh look to any of your street-ready pieces.", "price": "19.18", "rating": "1.20", "image": "nike-women-free-run-pink-sports-shoes.webp", "has_sizes": true, "recommended_use": "Clothing", "featured": false, "likes": []}}, {"model": "products.product", "pk": 16, "fields": {"name": "Kalenji Ekiden 200 Wn Purple 2011", "category": 1, "sku": "sku100016", "description": "Step up and step out in the classic Kalenji Ekiden 200 Wn Purple 2011. Classic colorways offer up a fresh look to any of your street-ready pieces.", "price": "18.39", "rating": "2.40", "image": "kalenji-ekiden-200-wn-purple-2011.webp", "has_sizes": true, "recommended_use": "Clothing", "featured": false, "likes": []}}, {"model": "products.product", "pk": 17, "fields": {"name": "Reebok Women Charcoal Grey Fuel Techno Sports Shoes", "category": 1, "sku": "sku100017", "description": "Step up and step out in the classic Reebok Women Charcoal Grey Fuel Techno Sports Shoes. Classic colorways offer up a fresh look to any of your street-ready pieces.", "price": "18.91", "rating": "5.00", "image": "reebok-women-charcoal-grey-fuel-techno-sports-shoes.webp", "has_sizes": true, "recommended_use": "Clothing", "featured": false, "likes": []}}, {"model": "products.product", "pk": 18, "fields": {"name": "Puma Women Kuris Silver & Grey Sports Shoes", "category": 1, "sku": "sku100018", "description": "Step up and step out in the classic Puma Women Kuris Silver & Grey Sports Shoes. Classic colorways offer up a fresh look to any of your street-ready pieces.", "price": "17.48", "rating": "4.30", "image": "puma-women-kuris-silver-grey-sports-shoes.webp", "has_sizes": true, "recommended_use": "Clothing", "featured": false, "likes": []}}, {"model": "products.product", "pk": 19, "fields": {"name": "Allen Solly Women Red Shorts", "category": 1, "sku": "sku100019", "description": "Allen Solly bring to you these Women Red Shorts which arrive in a red colourway with Allen Solly branding the perfect addition to your activewear collection", "price": "18.89", "rating": "1.40", "image": "allen-solly-women-red-shorts.webp", "has_sizes": true, "recommended_use": "Clothing", "featured": false, "likes": []}}, {"model": "products.product", "pk": 20, "fields": {"name": "Jockey Women Grey Melange Shorts", "category": 1, "sku": "sku100226", "description": "Jockey bring to you these Women Grey Melange Shorts which arrive in a grey colourway with Jockey branding the perfect addition to your activewear collection", "price": "16.50", "rating": "4.70", "image": "jockey-women-grey-melange-shorts.webp", "has_sizes": true, "recommended_use": "Clothing", "featured": true, "likes": [1]}}, {"model": "products.product", "pk": 21, "fields": {"name": "Reebok Women Reeflex Run Blue Sports Shoes", "category": 1, "sku": "sku100021", "description": "Step up and step out in the classic Reebok Women Reeflex Run Blue Sports Shoes. Classic colorways offer up a fresh look to any of your street-ready pieces.", "price": "19.09", "rating": "1.30", "image": "reebok-women-reeflex-run-blue-sports-shoes.webp", "has_sizes": true, "recommended_use": "Clothing", "featured": true, "likes": [1]}}, {"model": "products.product", "pk": 22, "fields": {"name": "ONLY Women Brown Shorts", "category": 1, "sku": "sku100022", "description": "Puma bring to you these Long Logo Black Bermuda Shorts which arrive in a black colourway with Puma branding the perfect addition to your activewear collection", "price": "19.18", "rating": "4.90", "image": "only-women-brown-shorts.webp", "has_sizes": true, "recommended_use": "Clothing", "featured": true, "likes": []}}, {"model": "products.product", "pk": 23, "fields": {"name": "Nike Women Glide White Grey Shoe", "category": 1, "sku": "sku100023", "description": "Step up and step out in the classic Nike Women Glide White Grey Shoes. Classic colorways offer up a fresh look to any of your street-ready pieces.", "price": "17.79", "rating": "3.00", "image": "nike-women-glide-white-grey-shoe.webp", "has_sizes": true, "recommended_use": "Clothing", "featured": true, "likes": []}}, {"model": "products.product", "pk": 24, "fields": {"name": "Puma Women Purple Techno Sandals", "category": 1, "sku": "sku100024", "description": "Step up and step out in the classic Puma Women Purple Techno Sandals. Classic colorways offer up a fresh look to any of your street-ready pieces.", "price": "17.93", "rating": "2.40", "image": "puma-women-purple-techno-sandals.webp", "has_sizes": true, "recommended_use": "Clothing", "featured": true, "likes": []}}, {"model": "products.product", "pk": 25, "fields": {"name": "Nike Women Grey Lunarglide +3 Sports Shoes", "category": 1, "sku": "sku100025", "description": "Step up and step out in the classic Nike Women Grey Lunarglide +3 Sports Shoes. Classic colorways offer up a fresh look to any of your street-ready pieces.", "price": "19.41", "rating": "1.60", "image": "nike-women-grey-lunarglide-sports-shoes.webp", "has_sizes": true, "recommended_use": "Clothing", "featured": true, "likes": []}}, {"model": "products.product", "pk": 26, "fields": {"name": "Colorbar Acetone Free Nail Enamel Remover", "category": 2, "sku": "sku100026", "description": "This gentle acetone free formula effortlessly removes the darkest polish leaving a light fragrance.", "price": "28.13", "rating": "4.10", "image": "colorbar-acetone-free-nail-enamel-remover.webp", "has_sizes": false, "recommended_use": "Personal Care", "featured": true, "likes": []}}, {"model": "products.product", "pk": 27, "fields": {"name": "Lotus Herbals Almond Nourish Body Lotion with SPF 20", "category": 2, "sku": "sku100027", "description": "Deeply nourishing and easily absorbed these softening body lotions leave skin smooth and lightly fragranced.", "price": "28.74", "rating": "1.30", "image": "lotus-herbals-almond-nourish-body-lotion-with-spf-20.webp", "has_sizes": false, "recommended_use": "Personal Care", "featured": true, "likes": []}}, {"model": "products.product", "pk": 28, "fields": {"name": "Lotus Herbals Aloe Soft Body Lotion", "category": 2, "sku": "sku100028", "description": "Deeply nourishing and easily absorbed these softening body lotions leave skin smooth and lightly fragranced.", "price": "28.26", "rating": "1.80", "image": "lotus-herbals-aloe-soft-body-lotion.webp", "has_sizes": false, "recommended_use": "Personal Care", "featured": true, "likes": []}}, {"model": "products.product", "pk": 29, "fields": {"name": "Revlon Extra Fast Nail Polish Remover", "category": 2, "sku": "sku100029", "description": "This gentle extra fast formula effortlessly removes the darkest polish leaving a light fragrance.", "price": "29.64", "rating": "1.30", "image": "revlon-extra-fast-nail-polish-remover.webp", "has_sizes": false, "recommended_use": "Personal Care", "featured": true, "likes": []}}, {"model": "products.product", "pk": 30, "fields": {"name": "Swayam Unisex Yellow and Orange Cushion Covers (Set of 2)", "category": 3, "sku": "sku100030", "description": "Swayam Cushion Cover cover makes your space more alluring printed in the charm of authenticity.", "price": "27.07", "rating": "4.70", "image": "swayam-unisex-yellow-and-orange-cushion-covers.webp", "has_sizes": false, "recommended_use": "Home Furnishing", "featured": true, "likes": []}}, {"model": "products.product", "pk": 31, "fields": {"name": "Streetwear Nail Color Remover", "category": 2, "sku": "sku100031", "description": "This gentle non-oily formula effortlessly removes the darkest polish leaving a light fragrance.", "price": "28.10", "rating": "3.30", "image": "streetwear-nail-color-remover.webp", "has_sizes": false, "recommended_use": "Personal Care", "featured": true, "likes": []}}, {"model": "products.product", "pk": 32, "fields": {"name": "Colorbar Nail Polish Remover", "category": 2, "sku": "sku100032", "description": "This gentle non-oily formula effortlessly removes the darkest polish leaving a light fragrance.", "price": "29.89", "rating": "3.50", "image": "colorbar-nail-polish-remover.webp", "has_sizes": false, "recommended_use": "Personal Care", "featured": false, "likes": []}}, {"model": "products.product", "pk": 33, "fields": {"name": "Biotique Bio Coco Butter Tissue Firming Body Balm", "category": 2, "sku": "sku100033", "description": "Soothes stretched skin. Rich in cocoabutter. Cures pigmentation due to ill health & helps to smoothen stretch marks on the skin. It gives the body a firmer more toned appearance.", "price": "27.76", "rating": "3.50", "image": "biotique-bio-coco-butter-tissue-firming-body-balm.webp", "has_sizes": false, "recommended_use": "Personal Care", "featured": false, "likes": []}}, {"model": "products.product", "pk": 34, "fields": {"name": "Lotus Herbals Cherry Bliss Body Lotion", "category": 2, "sku": "sku100034", "description": "Deeply nourishing and easily absorbed these softening body lotions leave skin smooth and lightly fragranced.", "price": "29.80", "rating": "2.20", "image": "lotus-herbals-cherry-bliss-body-lotion.webp", "has_sizes": false, "recommended_use": "Personal Care", "featured": false, "likes": []}}, {"model": "products.product", "pk": 35, "fields": {"name": "Lotus Herbals Vanilla Velvet Body Lotion", "category": 2, "sku": "sku100035", "description": "Deeply nourishing and easily absorbed these softening body lotions leave skin smooth and lightly fragranced.", "price": "29.37", "rating": "4.30", "image": "lotus-herbals-vanilla-velvet-body-lotion.webp", "has_sizes": false, "recommended_use": "Personal Care", "featured": false, "likes": []}}, {"model": "products.product", "pk": 36, "fields": {"name": "BOSS Men Selection Shower Gel", "category": 2, "sku": "sku100036", "description": "BOSS The Selection its new seductive perfume for men. An irresistible and unforgettable fragrance.", "price": "29.85", "rating": "1.70", "image": "boss-men-selection-shower-gel.webp", "has_sizes": false, "recommended_use": "Personal Care", "featured": false, "likes": []}}, {"model": "products.product", "pk": 37, "fields": {"name": "Lakme Nail Colour Remover", "category": 2, "sku": "sku100037", "description": "This gentle non-oily formula effortlessly removes the darkest polish leaving a light fragrance.", "price": "26.99", "rating": "4.60", "image": "lakme-nail-colour-remover.webp", "has_sizes": false, "recommended_use": "Personal Care", "featured": false, "likes": []}}, {"model": "products.product", "pk": 38, "fields": {"name": "Revlon Extra Gentle Nail Polish Remover", "category": 2, "sku": "sku100038", "description": "This gentle non-oily formula effortlessly removes the darkest polish leaving a light fragrance.", "price": "27.64", "rating": "4.40", "image": "revlon-extra-gentle-nail-polish-remover.webp", "has_sizes": false, "recommended_use": "Personal Care", "featured": false, "likes": []}}, {"model": "products.product", "pk": 39, "fields": {"name": "Reebok Men Reeplay Perfume & Deodorant Set", "category": 2, "sku": "sku100039", "description": "Reebok Reeplayis a fragrance for men An irresistible and unforgettable fragrance.", "price": "28.24", "rating": "2.90", "image": "reebok-men-reeplay-perfume-deodorant-set.webp", "has_sizes": false, "recommended_use": "Personal Care", "featured": false, "likes": []}}, {"model": "products.product", "pk": 40, "fields": {"name": "Playboy Men Malibu Fragrance Gift Set", "category": 2, "sku": "sku100040", "description": "Malibu is a fusion of contrasting tones that creates a compelling contemporary fragrance experience.", "price": "28.86", "rating": "4.90", "image": "playboy-men-malibu-fragrance-gift-set.webp", "has_sizes": false, "recommended_use": "Personal Care", "featured": false, "likes": []}}, {"model": "products.product", "pk": 41, "fields": {"name": "Swiss Army Men Classic Perfume & Deodorant Set", "category": 2, "sku": "sku100041", "description": "Victorinox Swiss Army Classic for Men Eau de Toilette is a fresh and spicy fragrance for men.", "price": "27.19", "rating": "3.00", "image": "swiss-army-men-classic-perfume-deodorant-set.webp", "has_sizes": false, "recommended_use": "Personal Care", "featured": false, "likes": []}}, {"model": "products.product", "pk": 42, "fields": {"name": "Hugo Men XY Perfume Set", "category": 2, "sku": "sku100042", "description": "Bring a woody aroma around yourself with Hugo Xy cologne. It is both fresh and light for a wonderful scent you will want to reapply throughout the day.", "price": "27.28", "rating": "3.60", "image": "hugo-men-xy-perfume-set.webp", "has_sizes": false, "recommended_use": "Personal Care", "featured": false, "likes": []}}, {"model": "products.product", "pk": 43, "fields": {"name": "Playboy London For Men Fragrance Gift Set", "category": 2, "sku": "sku100043", "description": "London is a fusion of contrasting tones that creates a compelling contemporary fragrance experience.", "price": "28.38", "rating": "3.10", "image": "playboy-london-for-men-fragrance-gift-set.webp", "has_sizes": false, "recommended_use": "Personal Care", "featured": false, "likes": []}}, {"model": "products.product", "pk": 44, "fields": {"name": "Police Dark Men Fragrance Gift Set", "category": 2, "sku": "sku100044", "description": "This ultramodern fragrance combines the freshness mouth-watering notes of freshly cut lemons and warm sexy notes of precious woods. The perfect combination for every modern man", "price": "29.16", "rating": "1.90", "image": "police-dark-men-fragrance-gift-set.webp", "has_sizes": false, "recommended_use": "Personal Care", "featured": false, "likes": []}}, {"model": "products.product", "pk": 45, "fields": {"name": "Boss Men Casual Perfume and Shower Gel", "category": 2, "sku": "sku100045", "description": "BOSS The Casual its new seductive perfume for men. An irresistible and unforgettable fragrance.", "price": "28.59", "rating": "3.10", "image": "boss-men-casual-perfume-and-shower-gel.webp", "has_sizes": false, "recommended_use": "Personal Care", "featured": false, "likes": []}}, {"model": "products.product", "pk": 46, "fields": {"name": "Tonino Lamborghini Forza For Men Fragrance Gift Set", "category": 2, "sku": "sku100046", "description": "Forza by Lamborghini is an aromatic and spicy fragrance for men.", "price": "27.84", "rating": "2.30", "image": "tonino-lamborghini-forza-for-men-fragrance-gift-set.webp", "has_sizes": false, "recommended_use": "Personal Care", "featured": false, "likes": []}}, {"model": "products.product", "pk": 47, "fields": {"name": "Nike Fragrances Men Green Storm Perfume and Deo Set", "category": 2, "sku": "sku100047", "description": "Nike Green Storm with Oriental Woody trend a captivating fragrance", "price": "27.84", "rating": "4.10", "image": "nike-fragrances-men-green-storm-perfume-and-deo-set.webp", "has_sizes": false, "recommended_use": "Personal Care", "featured": false, "likes": []}}, {"model": "products.product", "pk": 48, "fields": {"name": "Nike Fragrances Men On Fire Perfume and Deo Set", "category": 2, "sku": "sku100048", "description": "Nike On Fire with Oriental Woody trend a captivating fragrance", "price": "29.81", "rating": "1.00", "image": "nike-fragrances-men-on-fire-perfume-and-deo-set.webp", "has_sizes": false, "recommended_use": "Personal Care", "featured": false, "likes": []}}, {"model": "products.product", "pk": 49, "fields": {"name": "Carlos Moya Men Fragrances Gift Set", "category": 2, "sku": "sku100049", "description": "Carlos Moya Men with ultramodern fragrance combines the freshness and woody trends", "price": "28.15", "rating": "3.00", "image": "carlos-moya-men-fragrances-gift-set.webp", "has_sizes": false, "recommended_use": "Personal Care", "featured": false, "likes": []}}, {"model": "products.product", "pk": 50, "fields": {"name": "Tonino Lamborghini Feroce For Men Fragrance Gift Set", "category": 2, "sku": "sku100050", "description": "This ultramodern fragrance combines the freshness mouth-watering notes of freshly cut lemons and warm sexy notes of precious woods. The perfect combination for every modern man", "price": "25.63", "rating": "4.80", "image": "tonino-lamborghini-feroce-for-men-fragrance-gift-set.webp", "has_sizes": false, "recommended_use": "Personal Care", "featured": false, "likes": []}}, {"model": "products.product", "pk": 51, "fields": {"name": "Q&Q Men Black Digital Watch", "category": 3, "sku": "sku100051", "description": "This fantastic digital mens wristwatch that is created and designed by Q&Q. This model incorporates a black plastic strap with a plastic case combined with a positive digital display", "price": "19.41", "rating": "1.50", "image": "qq-men-black-digital-watch.webp", "has_sizes": false, "recommended_use": "Accessories", "featured": false, "likes": []}}, {"model": "products.product", "pk": 52, "fields": {"name": "Park Avenue Blue Patterned Tie", "category": 3, "sku": "sku100052", "description": "Pep up your style quotient by wearing this trendy tie from the house of Park Avenue. Tailored to perfection.", "price": "16.52", "rating": "4.10", "image": "park-avenue-blue-patterned-tie.webp", "has_sizes": false, "recommended_use": "Clothing", "featured": false, "likes": []}}, {"model": "products.product", "pk": 53, "fields": {"name": "Q&Q Men White Dial Watch", "category": 3, "sku": "sku100053", "description": "This fantastic digital mens wristwatch that is created and designed by Q&Q. This model incorporates a White plastic strap with a plastic case combined with a dial display", "price": "19.34", "rating": "1.30", "image": "qq-men-white-dial-watch.webp", "has_sizes": false, "recommended_use": "Accessories", "featured": false, "likes": []}}, {"model": "products.product", "pk": 54, "fields": {"name": "Maxima Men Black Dial Watch", "category": 3, "sku": "sku100054", "description": "This fantastic digital mens wristwatch that is created and designed by Maxima. This model incorporates a black plastic strap with a plastic case combined with a dial display", "price": "19.60", "rating": "1.60", "image": "maxima-men-black-dial-watch.webp", "has_sizes": false, "recommended_use": "Accessories", "featured": false, "likes": []}}, {"model": "products.product", "pk": 55, "fields": {"name": "Q&Q Men Navy Blue Digital Watch", "category": 3, "sku": "sku100055", "description": "This fantastic digital mens wristwatch that is created and designed by Q&Q. This model incorporates a blue plastic strap with a plastic case combined with a positive digital display", "price": "19.71", "rating": "4.40", "image": "qq-men-navy-blue-digital-watch.webp", "has_sizes": false, "recommended_use": "Accessories", "featured": false, "likes": []}}, {"model": "products.product", "pk": 56, "fields": {"name": "Nike Men Blue Team India Cricket Jersey", "category": 3, "sku": "sku100056", "description": "Support your team with Nike Men Blue Team India Cricket Jersey", "price": "19.62", "rating": "3.20", "image": "nike-men-blue-team-india-cricket-jersey.webp", "has_sizes": true, "recommended_use": "Clothing", "featured": false, "likes": []}}, {"model": "products.product", "pk": 57, "fields": {"name": "Q&Q Men Black Digital Watch", "category": 3, "sku": "sku100057", "description": "This fantastic digital mens wristwatch that is created and designed by Q&Q. This model incorporates a black plastic strap with a plastic case combined with a positive digital display", "price": "19.46", "rating": "3.00", "image": "qq-men-black-digital-watch-2.webp", "has_sizes": false, "recommended_use": "Accessories", "featured": false, "likes": []}}, {"model": "products.product", "pk": 58, "fields": {"name": "Park Avenue Red Checked Tie", "category": 3, "sku": "sku100058", "description": "Pep up your style quotient by wearing this trendy tie from the house of Park Avenue. Tailored to perfection.", "price": "19.97", "rating": "2.40", "image": "park-avenue-red-checked-tie.webp", "has_sizes": false, "recommended_use": "Clothing", "featured": false, "likes": []}}, {"model": "products.product", "pk": 59, "fields": {"name": "Q&Q Men Black Watch", "category": 3, "sku": "sku100059", "description": "This fantastic digital mens wristwatch that is created and designed by Q&Q. This model incorporates a black plastic strap with a plastic case combined with a positive digital display", "price": "19.19", "rating": "3.10", "image": "qq-men-black-watch.webp", "has_sizes": false, "recommended_use": "Accessories", "featured": false, "likes": []}}, {"model": "products.product", "pk": 60, "fields": {"name": "Park Avenue Black & Red Checked Tie", "category": 3, "sku": "sku100060", "description": "Pep up your style quotient by wearing this trendy tie from the house of Park Avenue. Tailored to perfection.", "price": "18.14", "rating": "2.20", "image": "park-avenue-black-red-checked-tie.webp", "has_sizes": false, "recommended_use": "Clothing", "featured": false, "likes": []}}, {"model": "products.product", "pk": 61, "fields": {"name": "Van Heusen Men Black & Brown Reversible Belt", "category": 3, "sku": "sku100061", "description": "Add the right accompaniment to your ensemble with this black solid belt from Van Heusen by Van Heusen.", "price": "19.87", "rating": "2.40", "image": "van-heusen-men-black-brown-reversible-belt.webp", "has_sizes": false, "recommended_use": "Clothing", "featured": false, "likes": []}}, {"model": "products.product", "pk": 62, "fields": {"name": "Park Avenue Men Black Socks", "category": 3, "sku": "sku100062", "description": "Black ankle socks has a ribbed mouth and a flat toe seam", "price": "18.74", "rating": "2.10", "image": "park-avenue-men-black-socks.webp", "has_sizes": false, "recommended_use": "Clothing", "featured": false, "likes": []}}, {"model": "products.product", "pk": 63, "fields": {"name": "Morellato Women White Dial Watch", "category": 3, "sku": "sku100063", "description": "This fantastic digital womens wristwatch that is created and designed by Morellato. This model incorporates a White plastic strap with a plastic case combined with a dial display", "price": "18.98", "rating": "2.30", "image": "morellato-women-white-dial-watch.webp", "has_sizes": false, "recommended_use": "Accessories", "featured": false, "likes": []}}, {"model": "products.product", "pk": 64, "fields": {"name": "Aspen Women Black Dial Watch", "category": 3, "sku": "sku100064", "description": "This fantastic digital womens wristwatch that is created and designed by Aspen. This model incorporates a black plastic strap with a plastic case combined with a dial display", "price": "19.78", "rating": "2.30", "image": "aspen-women-black-dial-watch.webp", "has_sizes": false, "recommended_use": "Accessories", "featured": false, "likes": []}}, {"model": "products.product", "pk": 65, "fields": {"name": "Aspen Women Blue Dial Watch", "category": 3, "sku": "sku100065", "description": "This fantastic digital womens wristwatch that is created and designed by Aspen. This model incorporates a blue plastic strap with a plastic case combined with a dial display", "price": "19.09", "rating": "2.10", "image": "aspen-women-blue-dial-watch.webp", "has_sizes": false, "recommended_use": "Accessories", "featured": false, "likes": []}}, {"model": "products.product", "pk": 66, "fields": {"name": "Satya Paul Green Saree", "category": 3, "sku": "sku100066", "description": "Light comfortable to wear perfect for festival", "price": "19.73", "rating": "1.20", "image": "satya-paul-green-saree.webp", "has_sizes": false, "recommended_use": "Ethnic", "featured": false, "likes": []}}, {"model": "products.product", "pk": 67, "fields": {"name": "Rasasi Women Body Lotion", "category": 3, "sku": "sku100067", "description": "Deeply nourishing and easily absorbed these softening body lotions leave skin smooth and lightly fragranced.", "price": "18.31", "rating": "2.00", "image": "rasasi-women-body-lotion.webp", "has_sizes": false, "recommended_use": "Clothing", "featured": false, "likes": []}}, {"model": "products.product", "pk": 68, "fields": {"name": "Satya Paul Red & Grey Saree", "category": 3, "sku": "sku100068", "description": "Light comfortable to wear perfect for festival", "price": "16.66", "rating": "4.70", "image": "satya-paul-red-grey-saree.webp", "has_sizes": false, "recommended_use": "Ethnic", "featured": false, "likes": []}}, {"model": "products.product", "pk": 69, "fields": {"name": "Vital Gear Women Purple Laptop Bag", "category": 3, "sku": "sku100069", "description": "This neat bag features an adjustable shoulder strap it has one main zip compartment and one internal zip pocket.", "price": "17.00", "rating": "3.50", "image": "vital-gear-women-purple-laptop-bag.webp", "has_sizes": false, "recommended_use": "Accessories", "featured": false, "likes": []}}, {"model": "products.product", "pk": 70, "fields": {"name": "Giordano Women White Dial Watch", "category": 3, "sku": "sku100070", "description": "This fantastic digital womens wristwatch that is created and designed by Giordano. This model incorporates a blue plastic strap with a plastic case combined with a dial display", "price": "19.73", "rating": "1.50", "image": "giordano-women-white-dial-watch.webp", "has_sizes": false, "recommended_use": "Accessories", "featured": true, "likes": []}}, {"model": "products.product", "pk": 71, "fields": {"name": "Stoln Women White Sunglasses", "category": 3, "sku": "sku100071", "description": "No need for hair of the dog. Disguise your hangover in their range of sunglasses.", "price": "17.52", "rating": "3.70", "image": "stoln-women-white-sunglasses.webp", "has_sizes": false, "recommended_use": "Accessories", "featured": true, "likes": []}}, {"model": "products.product", "pk": 72, "fields": {"name": "Satya Paul Green Saree", "category": 3, "sku": "sku100072", "description": "Light comfortable to wear perfect for festival", "price": "19.76", "rating": "1.60", "image": "satya-paul-green-saree-2.webp", "has_sizes": false, "recommended_use": "Ethnic", "featured": true, "likes": []}}, {"model": "products.product", "pk": 73, "fields": {"name": "Murcia Women Black Backpack", "category": 3, "sku": "sku100073", "description": "Versatile day bag for outdoor activities", "price": "18.80", "rating": "4.50", "image": "murcia-women-black-backpack.webp", "has_sizes": false, "recommended_use": "Accessories", "featured": true, "likes": []}}, {"model": "products.product", "pk": 74, "fields": {"name": "Satya Paul Purple Saree", "category": 3, "sku": "sku100074", "description": "Light comfortable to wear perfect for festival", "price": "17.26", "rating": "4.10", "image": "satya-paul-purple-saree.webp", "has_sizes": false, "recommended_use": "Ethnic", "featured": true, "likes": []}}, {"model": "products.product", "pk": 75, "fields": {"name": "Satya Paul Pink Saree", "category": 3, "sku": "sku100075", "description": "Light comfortable to wear perfect for festival", "price": "19.78", "rating": "2.50", "image": "satya-paul-pink-saree.webp", "has_sizes": false, "recommended_use": "Ethnic", "featured": true, "likes": []}}, {"model": "products.product", "pk": 76, "fields": {"name": "Fastrack Men Red Nylon Backpack", "category": 4, "sku": "sku100076", "description": "Versatile day bag for outdoor activities", "price": "37.65", "rating": "4.10", "image": "fastrack-men-red-nylon-backpack.webp", "has_sizes": false, "recommended_use": "Backpacks", "featured": true, "likes": []}}, {"model": "products.product", "pk": 77, "fields": {"name": "United Colors of Benetton Black  Backpack", "category": 4, "sku": "sku100077", "description": "Versatile day bag for outdoor activities", "price": "37.46", "rating": "2.70", "image": "united-colors-of-benetton-black-backpack.webp", "has_sizes": false, "recommended_use": "Backpacks", "featured": true, "likes": []}}, {"model": "products.product", "pk": 78, "fields": {"name": "Fastrack Men Navy Blue Backpack", "category": 4, "sku": "sku100078", "description": "Versatile day bag for outdoor activities", "price": "39.03", "rating": "1.90", "image": "fastrack-men-navy-blue-backpack.webp", "has_sizes": false, "recommended_use": "Backpacks", "featured": true, "likes": []}}, {"model": "products.product", "pk": 79, "fields": {"name": "Puma Men Motion MR Black  Shoulder Bag", "category": 4, "sku": "sku100079", "description": "Uniting vintage cool with modern practicality this shoulder bag brings you an accessible retro classic reinterpreted through a modern lens", "price": "39.40", "rating": "3.50", "image": "puma-men-motion-mr-black-shoulder-bag.webp", "has_sizes": false, "recommended_use": "Backpacks", "featured": true, "likes": []}}, {"model": "products.product", "pk": 80, "fields": {"name": "Fastrack Men Black Grey Laptop Backpack", "category": 4, "sku": "sku100080", "description": "This neat bag features an adjustable shoulder strap it has one main zip compartment and one internal zip pocket.", "price": "38.16", "rating": "3.80", "image": "fastrack-men-black-grey-laptop-backpack.webp", "has_sizes": false, "recommended_use": "Backpacks", "featured": true, "likes": []}}, {"model": "products.product", "pk": 81, "fields": {"name": "Wrangler Men Light Khaki Canvas Messenger Bag", "category": 4, "sku": "sku100081", "description": "Uniting vintage cool with modern practicality this shoulder bag brings you an accessible retro classic reinterpreted through a modern lens", "price": "39.02", "rating": "1.50", "image": "wrangler-men-light-khaki-canvas-messenger-bag.webp", "has_sizes": false, "recommended_use": "Backpacks", "featured": true, "likes": []}}, {"model": "products.product", "pk": 82, "fields": {"name": "Fastrack Men Black Gym Bag", "category": 4, "sku": "sku100082", "description": "clean and contemporary. With a large main entry roomy end compartments and smaller side zips for stashing the important stuff", "price": "39.06", "rating": "1.10", "image": "fastrack-men-black-gym-bag.webp", "has_sizes": false, "recommended_use": "Backpacks", "featured": false, "likes": []}}, {"model": "products.product", "pk": 83, "fields": {"name": "Fastrack Men Polyester Black Backpack", "category": 4, "sku": "sku100083", "description": "Versatile day bag for outdoor activities", "price": "39.13", "rating": "1.60", "image": "fastrack-men-polyester-black-backpack.webp", "has_sizes": false, "recommended_use": "Backpacks", "featured": false, "likes": []}}, {"model": "products.product", "pk": 84, "fields": {"name": "Fastrack Men Grey Backpack", "category": 4, "sku": "sku100084", "description": "Versatile day bag for outdoor activities", "price": "37.84", "rating": "2.30", "image": "fastrack-men-grey-backpack.webp", "has_sizes": false, "recommended_use": "Backpacks", "featured": false, "likes": []}}, {"model": "products.product", "pk": 85, "fields": {"name": "Nike Men Navy Blue Manchester United Laptop Bag", "category": 4, "sku": "sku100085", "description": "This neat bag features an adjustable shoulder strap it has one main zip compartment and one internal zip pocket.", "price": "39.70", "rating": "1.60", "image": "nike-men-navy-blue-manchester-united-laptop-bag.webp", "has_sizes": false, "recommended_use": "Backpacks", "featured": false, "likes": []}}, {"model": "products.product", "pk": 86, "fields": {"name": "ADIDAS Men Adipure Black Blue Backpack", "category": 4, "sku": "sku100086", "description": "Versatile day bag for outdoor activities", "price": "38.05", "rating": "3.10", "image": "adidas-men-adipure-black-blue-backpack.webp", "has_sizes": false, "recommended_use": "Backpacks", "featured": false, "likes": []}}, {"model": "products.product", "pk": 87, "fields": {"name": "Fastrack Men Black Gym Bag", "category": 4, "sku": "sku100087", "description": "This neat bag features an adjustable shoulder strap it has one main zip compartment and one internal zip pocket.", "price": "39.26", "rating": "1.70", "image": "fastrack-men-black-gym-bag-2.webp", "has_sizes": false, "recommended_use": "Backpacks", "featured": false, "likes": []}}, {"model": "products.product", "pk": 88, "fields": {"name": "Wildcraft Men Blue & Black Backpack", "category": 4, "sku": "sku100088", "description": "Versatile day bag for outdoor activities", "price": "39.21", "rating": "1.10", "image": "wildcraft-men-blue-black-backpack.webp", "has_sizes": false, "recommended_use": "Backpacks", "featured": false, "likes": []}}, {"model": "products.product", "pk": 89, "fields": {"name": "Tortoise Men Black Leather Laptop Bag", "category": 4, "sku": "sku100089", "description": "This neat bag features an adjustable shoulder strap it has one main zip compartment and one internal zip pocket.", "price": "38.31", "rating": "4.10", "image": "tortoise-men-black-leather-laptop-bag.webp", "has_sizes": false, "recommended_use": "Backpacks", "featured": false, "likes": []}}, {"model": "products.product", "pk": 90, "fields": {"name": "Quiksilver Men White Amplified Backpack", "category": 4, "sku": "sku100090", "description": "Versatile day bag for outdoor activities", "price": "35.71", "rating": "4.70", "image": "quiksilver-men-white-amplified-backpack.webp", "has_sizes": false, "recommended_use": "Backpacks", "featured": false, "likes": []}}, {"model": "products.product", "pk": 91, "fields": {"name": "Murcia Women Blue Handbag", "category": 4, "sku": "sku100091", "description": "This handbag from Murcia is the perfect accessory to boost your attire.", "price": "38.53", "rating": "3.80", "image": "murcia-women-blue-handbag.webp", "has_sizes": false, "recommended_use": "Handbags", "featured": false, "likes": []}}, {"model": "products.product", "pk": 92, "fields": {"name": "Baggit Women Brown Handbag", "category": 4, "sku": "sku100092", "description": "This handbag from baggit is the perfect accessory to boost your attire.", "price": "39.74", "rating": "2.60", "image": "baggit-women-brown-handbag.webp", "has_sizes": false, "recommended_use": "Handbags", "featured": false, "likes": []}}, {"model": "products.product", "pk": 93, "fields": {"name": "Murcia Women Casual Brown Handbag", "category": 4, "sku": "sku100093", "description": "This handbag from Murcia is the perfect accessory to boost your attire.", "price": "39.08", "rating": "5.00", "image": "murcia-women-casual-brown-handbag.webp", "has_sizes": false, "recommended_use": "Handbags", "featured": false, "likes": []}}, {"model": "products.product", "pk": 94, "fields": {"name": "Rocky S Women White Handbag", "category": 4, "sku": "sku100094", "description": "This handbag from Rocky S is the perfect accessory to boost your attire.", "price": "39.30", "rating": "1.90", "image": "rocky-women-white-handbag.webp", "has_sizes": false, "recommended_use": "Handbags", "featured": false, "likes": []}}, {"model": "products.product", "pk": 95, "fields": {"name": "Kiara Women Teal Handbag", "category": 4, "sku": "sku100095", "description": "This handbag from Kiara is the perfect accessory to boost your attire.", "price": "38.66", "rating": "3.40", "image": "kiara-women-teal-handbag.webp", "has_sizes": false, "recommended_use": "Handbags", "featured": false, "likes": []}}, {"model": "products.product", "pk": 96, "fields": {"name": "French Connection Women Beige Handbag", "category": 4, "sku": "sku100096", "description": "This handbag from French Connection is the perfect accessory to boost your attire.", "price": "39.09", "rating": "3.10", "image": "french-connection-women-beige-handbag.webp", "has_sizes": false, "recommended_use": "Handbags", "featured": false, "likes": []}}, {"model": "products.product", "pk": 97, "fields": {"name": "Peperone Women Black & White Handbag", "category": 4, "sku": "sku100097", "description": "This handbag from Peperone is the perfect accessory to boost your attire.", "price": "39.45", "rating": "3.80", "image": "peperone-women-black-white-handbag.webp", "has_sizes": false, "recommended_use": "Handbags", "featured": false, "likes": []}}, {"model": "products.product", "pk": 98, "fields": {"name": "Fabindia Women Blue Silk Sling Bag", "category": 4, "sku": "sku100098", "description": "Add wow factor to your lookby carrying this women's blue sling handbag from Fabindia", "price": "39.33", "rating": "1.30", "image": "fabindia-women-blue-silk-sling-bag.webp", "has_sizes": false, "recommended_use": "Handbags", "featured": false, "likes": []}}, {"model": "products.product", "pk": 99, "fields": {"name": "Spice Art Women Ribbon Embroidery Red Clutch", "category": 4, "sku": "sku100099", "description": "Spice Art presents this red coloured clutch which exudes a lot of class and elegance.", "price": "38.12", "rating": "3.00", "image": "spice-art-women-ribbon-embroidery-red-clutch.webp", "has_sizes": false, "recommended_use": "Handbags", "featured": false, "likes": []}}, {"model": "products.product", "pk": 100, "fields": {"name": "Rocky S Women Brown Handbag", "category": 4, "sku": "sku100100", "description": "This handbag from Rocky S is the perfect accessory to boost your attire.", "price": "39.08", "rating": "1.10", "image": "rocky-s-women-brown-handbag.webp", "has_sizes": false, "recommended_use": "Handbags", "featured": false, "likes": []}}, {"model": "products.product", "pk": 101, "fields": {"name": "Arrow Men Black Wallet", "category": 5, "sku": "sku100101", "description": "Crafted from finest quality these arrow wallets are the latest rage this year because of its sophisticated design. This wallet does more than just store your money and credit cards.", "price": "9.17", "rating": "1.60", "image": "arrow-men-black-wallet.webp", "has_sizes": false, "recommended_use": "Accessories", "featured": false, "likes": []}}, {"model": "products.product", "pk": 102, "fields": {"name": "Revv Men Steel Bracelet", "category": 5, "sku": "sku100102", "description": "Mens Bracelet which utilises hard wearing metal such as titanium stainless steel tungsten carbide and more.", "price": "9.55", "rating": "2.70", "image": "revv-men-steel-bracelet.webp", "has_sizes": false, "recommended_use": "Jewellery", "featured": false, "likes": []}}, {"model": "products.product", "pk": 103, "fields": {"name": "Manchester United Men Solid White Cap", "category": 5, "sku": "sku100103", "description": "Official New Era Manchester United FC Wordmark white Casual Classic Cap", "price": "9.51", "rating": "1.90", "image": "manchester-united-men-solid-white-cap.webp", "has_sizes": false, "recommended_use": "Headwear", "featured": false, "likes": []}}, {"model": "products.product", "pk": 104, "fields": {"name": "United Colors of Benetton Men Solid Black Wallets", "category": 5, "sku": "sku100104", "description": "Crafted from finest quality these arrow wallets are the latest rage this year because of its sophisticated design. This wallet does more than just store your money and credit cards.", "price": "7.82", "rating": "2.30", "image": "united-colors-of-benetton-men-solid-black-wallets.webp", "has_sizes": false, "recommended_use": "Accessories", "featured": false, "likes": []}}, {"model": "products.product", "pk": 105, "fields": {"name": "JAG Men Black Leather Wallet", "category": 5, "sku": "sku100105", "description": "Crafted from finest quality these arrow wallets are the latest rage this year because of its sophisticated design. This wallet does more than just store your money and credit cards.", "price": "7.20", "rating": "3.00", "image": "jag-men-black-leather-wallet.webp", "has_sizes": false, "recommended_use": "Accessories", "featured": false, "likes": []}}, {"model": "products.product", "pk": 106, "fields": {"name": "ADIDAS Men Delhi Daredevil Blue Cap", "category": 5, "sku": "sku100106", "description": "Support your team with ADIDAS Men Delhi Daredevil Blue Cap", "price": "8.07", "rating": "2.50", "image": "adidas-men-delhi-daredevil-blue-cap.webp", "has_sizes": false, "recommended_use": "Headwear", "featured": false, "likes": []}}, {"model": "products.product", "pk": 107, "fields": {"name": "Puma Men Ferrari Lifestyle Red Cap", "category": 5, "sku": "sku100107", "description": "Support your team with Puma Men Ferrari Lifestyle Red Cap", "price": "7.86", "rating": "4.80", "image": "puma-men-ferrari-lifestyle-red-cap.webp", "has_sizes": false, "recommended_use": "Headwear", "featured": false, "likes": []}}, {"model": "products.product", "pk": 108, "fields": {"name": "Reid & Taylor Men Brown Wallet", "category": 5, "sku": "sku100108", "description": "Crafted from finest quality these arrow wallets are the latest rage this year because of its sophisticated design. This wallet does more than just store your money and credit cards.", "price": "9.69", "rating": "1.80", "image": "reid-taylor-men-brown-wallet.webp", "has_sizes": false, "recommended_use": "Accessories", "featured": false, "likes": []}}, {"model": "products.product", "pk": 109, "fields": {"name": "Probase Men Check Blue Cap", "category": 5, "sku": "sku100109", "description": "Support your team with Probase Men Check Blue Cap", "price": "8.10", "rating": "2.30", "image": "probase-men-check-blue-cap.webp", "has_sizes": false, "recommended_use": "Headwear", "featured": false, "likes": []}}, {"model": "products.product", "pk": 110, "fields": {"name": "Revv Men Steel Bracelet", "category": 5, "sku": "sku100110", "description": "Mens Bracelet which utilises hard wearing metal such as titanium stainless steel tungsten carbide and more.", "price": "9.35", "rating": "1.00", "image": "revv-men-steel-bracelet-2.webp", "has_sizes": false, "recommended_use": "Jewellery", "featured": false, "likes": []}}, {"model": "products.product", "pk": 111, "fields": {"name": "United Colors of Benetton Men Solid Black Wallets", "category": 5, "sku": "sku100111", "description": "Crafted from finest quality these arrow wallets are the latest rage this year because of its sophisticated design. This wallet does more than just store your money and credit cards.", "price": "8.74", "rating": "1.50", "image": "united-colors-of-benetton-men-solid-black-wallets-2.webp", "has_sizes": false, "recommended_use": "Accessories", "featured": false, "likes": []}}, {"model": "products.product", "pk": 112, "fields": {"name": "Reid & Taylor Men Black Wallet", "category": 5, "sku": "sku100112", "description": "Crafted from finest quality these arrow wallets are the latest rage this year because of its sophisticated design. This wallet does more than just store your money and credit cards.", "price": "6.10", "rating": "4.50", "image": "reid-taylor-men-black-wallet.webp", "has_sizes": false, "recommended_use": "Accessories", "featured": false, "likes": []}}, {"model": "products.product", "pk": 113, "fields": {"name": "Arrow Men Brown Leather Wallet", "category": 5, "sku": "sku100113", "description": "Crafted from finest quality these arrow wallets are the latest rage this year because of its sophisticated design. This wallet does more than just store your money and credit cards.", "price": "8.46", "rating": "3.70", "image": "arrow-men-brown-leather-wallet.webp", "has_sizes": false, "recommended_use": "Accessories", "featured": false, "likes": []}}, {"model": "products.product", "pk": 114, "fields": {"name": "Pitaraa Women Bronze Beaded Bracelet", "category": 5, "sku": "sku100114", "description": "This Pitaraa Bronze Beaded Bracelet is the perfect accessory to boost your attire.", "price": "6.30", "rating": "3.90", "image": "pitaraa-women-bronze-beaded-bracelet.webp", "has_sizes": false, "recommended_use": "Jewellery", "featured": false, "likes": []}}, {"model": "products.product", "pk": 115, "fields": {"name": "Lucera Women Silver Pendant", "category": 5, "sku": "sku100115", "description": "This Lucera Women Silver Pendant is the perfect accessory to boost your attire.", "price": "6.36", "rating": "4.60", "image": "lucera-women-silver-pendant.webp", "has_sizes": false, "recommended_use": "Jewellery", "featured": false, "likes": []}}, {"model": "products.product", "pk": 116, "fields": {"name": "Femella Women Brown Scarf", "category": 5, "sku": "sku100116", "description": "This Femella Brown Scarf is the perfect accessory to boost your attire.", "price": "7.94", "rating": "3.60", "image": "femella-women-brown-scarf.webp", "has_sizes": false, "recommended_use": "Accessories", "featured": false, "likes": []}}, {"model": "products.product", "pk": 117, "fields": {"name": "United Colors of Benetton Women Solid Beige Wallets", "category": 5, "sku": "sku100117", "description": "Crafted from finest quality these arrow wallets are the latest rage this year because of its sophisticated design. This wallet does more than just store your money and credit cards.", "price": "7.59", "rating": "3.80", "image": "united-colors-of-benetton-women-solid-beige-wallets.webp", "has_sizes": false, "recommended_use": "Accessories", "featured": false, "likes": []}}, {"model": "products.product", "pk": 118, "fields": {"name": "Lucera Women Silver Ring", "category": 5, "sku": "sku100118", "description": "This Lucera  Silver Ring is the perfect accessory to boost your attire.", "price": "5.96", "rating": "4.60", "image": "lucera-women-silver-ring.webp", "has_sizes": false, "recommended_use": "Jewellery", "featured": false, "likes": []}}, {"model": "products.product", "pk": 119, "fields": {"name": "Fabindia Women Anusuya Silver Earrings", "category": 5, "sku": "sku100119", "description": "This Fabindia Women Anusuya Silver Earrings are the perfect accessory to boost your attire.", "price": "9.42", "rating": "3.10", "image": "fabindia-women-anusuya-silver-earrings.webp", "has_sizes": false, "recommended_use": "Jewellery", "featured": false, "likes": []}}, {"model": "products.product", "pk": 120, "fields": {"name": "Estelle Women Earrings & Pendant Set", "category": 5, "sku": "sku100120", "description": "This Estelle Earrings & Pendant Set is the perfect accessory to boost your attire.", "price": "9.32", "rating": "1.20", "image": "estelle-women-earrings-pendant-set.webp", "has_sizes": false, "recommended_use": "Jewellery", "featured": true, "likes": []}}, {"model": "products.product", "pk": 121, "fields": {"name": "Estelle Women Gold Earrings", "category": 5, "sku": "sku100121", "description": "This Estelle Women Gold Earrings are the perfect accessory to boost your attire.", "price": "8.89", "rating": "1.20", "image": "estelle-women-gold-earrings.webp", "has_sizes": false, "recommended_use": "Jewellery", "featured": true, "likes": []}}, {"model": "products.product", "pk": 122, "fields": {"name": "Baggit Women Lamboo Mayur Black Wallet", "category": 5, "sku": "sku100122", "description": "Crafted from finest quality these arrow wallets are the latest rage this year because of its sophisticated design. This wallet does more than just store your money and credit cards.", "price": "9.95", "rating": "2.60", "image": "baggit-women-lamboo-mayur-black-wallet.webp", "has_sizes": false, "recommended_use": "Accessories", "featured": true, "likes": []}}, {"model": "products.product", "pk": 123, "fields": {"name": "United Colors Of Benetton Women Yellow Muffler", "category": 5, "sku": "sku100123", "description": "This United Colors Of Benetton Yellow Muffler is the perfect accessory to boost your attire.", "price": "9.45", "rating": "1.10", "image": "united-colors-of-benetton-women-yellow-muffler.webp", "has_sizes": false, "recommended_use": "Accessories", "featured": true, "likes": []}}, {"model": "products.product", "pk": 124, "fields": {"name": "Lencia Grey Swarovski Pearl Necklace", "category": 5, "sku": "sku100124", "description": "This Lencia Grey Swarovski Pearl Necklace is the perfect accessory to boost your attire.", "price": "9.59", "rating": "2.50", "image": "lencia-grey-swarovski-pearl-necklace.webp", "has_sizes": false, "recommended_use": "Jewellery", "featured": true, "likes": []}}, {"model": "products.product", "pk": 125, "fields": {"name": "Lino Perros Women Blue Zip Orange Wallet", "category": 5, "sku": "sku100125", "description": "Crafted from finest quality these arrow wallets are the latest rage this year because of its sophisticated design. This wallet does more than just store your money and credit cards.", "price": "9.31", "rating": "2.70", "image": "lino-perros-women-blue-zip-orange-wallet.webp", "has_sizes": false, "recommended_use": "Accessories", "featured": true, "likes": []}}, {"model": "products.product", "pk": 126, "fields": {"name": "Jealous 21 Women Black Jeans", "category": 6, "sku": "sku100126", "description": "Mix up your every-daydenimclothing with the latest trends fromBe Jealous.Were talking effortless style that slays & with their endless versatility you cant possibly go wrong!", "price": "22.95", "rating": "2.60", "image": "jealous-21-women-black-jeans.webp", "has_sizes": true, "recommended_use": "Clothing", "featured": true, "likes": []}}, {"model": "products.product", "pk": 127, "fields": {"name": "Jealous 21 Women Black Jegging", "category": 6, "sku": "sku100127", "description": "Mix up your every-daydenimclothing with the latest trends fromBe Jealous.Were talking effortless style that slays & with their endless versatility you cant possibly go wrong!", "price": "24.79", "rating": "1.80", "image": "jealous-21-women-black-jegging.webp", "has_sizes": true, "recommended_use": "Clothing", "featured": true, "likes": []}}, {"model": "products.product", "pk": 128, "fields": {"name": "Tokyo Talkies Women Navy Slim Fit Jeans", "category": 6, "sku": "sku100128", "description": "These Navy jeans are an easy essential you can pair with anything.", "price": "24.15", "rating": "2.20", "image": "tokyo-talkies-women-navy-slim-fit-jeans.webp", "has_sizes": true, "recommended_use": "Clothing", "featured": true, "likes": []}}, {"model": "products.product", "pk": 129, "fields": {"name": "Jealous 21 Women Washed Blue Jeans", "category": 6, "sku": "sku100129", "description": "Mix up your every-daydenimclothing with the latest trends fromBe Jealous.Were talking effortless style that slays & with their endless versatility you cant possibly go wrong!", "price": "24.55", "rating": "3.50", "image": "jealous-21-women-washed-blue-jeans.webp", "has_sizes": true, "recommended_use": "Clothing", "featured": true, "likes": []}}, {"model": "products.product", "pk": 130, "fields": {"name": "Denizen Women Blue Jeans", "category": 6, "sku": "sku100130", "description": "These blue jeans are an easy essential you can pair with anything.", "price": "21.41", "rating": "4.10", "image": "denizen-women-blue-jeans.webp", "has_sizes": true, "recommended_use": "Clothing", "featured": true, "likes": []}}, {"model": "products.product", "pk": 131, "fields": {"name": "Jealous 21 Women's Aaren Black Jegging", "category": 6, "sku": "sku100131", "description": "Mix up your every-daydenimclothing with the latest trends fromBe Jealous.Were talking effortless style that slays & with their endless versatility you cant possibly go wrong!", "price": "22.51", "rating": "3.00", "image": "jealous-21-womens-aaren-black-jegging.webp", "has_sizes": true, "recommended_use": "Clothing", "featured": true, "likes": []}}, {"model": "products.product", "pk": 132, "fields": {"name": "United Colors of Benetton Women Denim Black Jeans", "category": 6, "sku": "sku100132", "description": "These black jeans are an easy essential you can pair with anything.", "price": "23.29", "rating": "2.00", "image": "united-colors-of-benetton-women-denim-black-jeans.webp", "has_sizes": true, "recommended_use": "Clothing", "featured": false, "likes": []}}, {"model": "products.product", "pk": 133, "fields": {"name": "Jealous 21 Women's Abbie Black Jegging", "category": 6, "sku": "sku100133", "description": "Mix up your every-daydenimclothing with the latest trends fromBe Jealous.Were talking effortless style that slays & with their endless versatility you cant possibly go wrong!", "price": "24.34", "rating": "1.50", "image": "jealous-21-womens-abbie-black-jegging.webp", "has_sizes": true, "recommended_use": "Clothing", "featured": false, "likes": []}}, {"model": "products.product", "pk": 134, "fields": {"name": "Denizen Women Navy Blue Jeans", "category": 6, "sku": "sku100134", "description": "These blue jeans are an easy essential you can pair with anything.", "price": "24.86", "rating": "3.80", "image": "denizen-women-navy-blue-jeans.webp", "has_sizes": true, "recommended_use": "Clothing", "featured": false, "likes": []}}, {"model": "products.product", "pk": 135, "fields": {"name": "Lee Women Navy Blue Roxy Fit Jeans", "category": 6, "sku": "sku100135", "description": "These blue jeans are an easy essential you can pair with anything.", "price": "23.88", "rating": "1.70", "image": "lee-women-navy-blue-roxy-fit-jeans.webp", "has_sizes": true, "recommended_use": "Clothing", "featured": false, "likes": []}}, {"model": "products.product", "pk": 136, "fields": {"name": "Jealous 21 Women Washed Blue Jeans", "category": 6, "sku": "sku100136", "description": "Mix up your every-daydenimclothing with the latest trends fromBe Jealous.Were talking effortless style that slays & with their endless versatility you cant possibly go wrong!", "price": "22.45", "rating": "3.90", "image": "jealous-21-women-washed-blue-jeans-2.webp", "has_sizes": true, "recommended_use": "Clothing", "featured": false, "likes": []}}, {"model": "products.product", "pk": 137, "fields": {"name": "Jealous 21 Women Navy Blue Jeans", "category": 6, "sku": "sku100137", "description": "Mix up your every-daydenimclothing with the latest trends fromBe Jealous.Were talking effortless style that slays & with their endless versatility you cant possibly go wrong!", "price": "24.48", "rating": "4.30", "image": "jealous-21-women-navy-blue-jeans.webp", "has_sizes": true, "recommended_use": "Clothing", "featured": false, "likes": []}}, {"model": "products.product", "pk": 138, "fields": {"name": "Wrangler Women Blue Molly Jeans", "category": 6, "sku": "sku100138", "description": "These blue jeans are an easy essential you can pair with anything.", "price": "21.19", "rating": "4.30", "image": "wrangler-women-blue-molly-jeans.webp", "has_sizes": true, "recommended_use": "Clothing", "featured": false, "likes": []}}, {"model": "products.product", "pk": 139, "fields": {"name": "Peter England Men Party Blue Jeans", "category": 6, "sku": "sku100139", "description": "Sport this blue pair with a light coloured tee and leather slip-ons for a party with friends.", "price": "24.06", "rating": "1.20", "image": "peter-england-men-party-blue-jeans.webp", "has_sizes": true, "recommended_use": "Clothing", "featured": false, "likes": []}}, {"model": "products.product", "pk": 140, "fields": {"name": "Locomotive Men Washed Blue Jeans", "category": 6, "sku": "sku100140", "description": "Sport this blue pair with a light coloured tee and leather slip-ons for a party with friends.", "price": "24.85", "rating": "1.80", "image": "locomotive-men-washed-blue-jeans.webp", "has_sizes": true, "recommended_use": "Clothing", "featured": false, "likes": []}}, {"model": "products.product", "pk": 141, "fields": {"name": "Lee Men Blue Chicago Fit Jeans", "category": 6, "sku": "sku100141", "description": "Sport this blue pair with a light coloured tee and leather slip-ons for a party with friends.", "price": "24.42", "rating": "2.00", "image": "lee-men-blue-chicago-fit-jeans.webp", "has_sizes": true, "recommended_use": "Clothing", "featured": false, "likes": []}}, {"model": "products.product", "pk": 142, "fields": {"name": "Peter England Men Party Black Jeans", "category": 6, "sku": "sku100142", "description": "Sport this black pair with a light coloured tee and leather slip-ons for a party with friends.", "price": "22.76", "rating": "3.80", "image": "peter-england-men-party-black-jeans.webp", "has_sizes": true, "recommended_use": "Clothing", "featured": false, "likes": []}}, {"model": "products.product", "pk": 143, "fields": {"name": "Lee Men Blue Chicago Fit Jeans", "category": 6, "sku": "sku100143", "description": "Sport this blue pair with a light coloured tee and leather slip-ons for a party with friends.", "price": "24.37", "rating": "1.90", "image": "lee-men-blue-chicago-fit-jeans-2.webp", "has_sizes": true, "recommended_use": "Clothing", "featured": false, "likes": []}}, {"model": "products.product", "pk": 144, "fields": {"name": "Deni Yo Men White Jeans", "category": 6, "sku": "sku100144", "description": "Sport this white pair with a light coloured tee and leather slip-ons for a party with friends.", "price": "24.66", "rating": "1.50", "image": "deni-yo-men-white-jeans.webp", "has_sizes": true, "recommended_use": "Clothing", "featured": false, "likes": []}}, {"model": "products.product", "pk": 145, "fields": {"name": "Peter England Men Black Jeans", "category": 6, "sku": "sku100145", "description": "Sport this black pair with a light coloured tee and leather slip-ons for a party with friends.", "price": "24.76", "rating": "1.40", "image": "peter-england-men-black-jeans.webp", "has_sizes": true, "recommended_use": "Clothing", "featured": false, "likes": []}}, {"model": "products.product", "pk": 146, "fields": {"name": "Lee Men Elvira Rinse Blue Chicago Fit Jeans", "category": 6, "sku": "sku100146", "description": "Sport this blue pair with a light coloured tee and leather slip-ons for a party with friends.", "price": "22.29", "rating": "3.80", "image": "lee-men-elvira-rinse-blue-chicago-fit-jeans.webp", "has_sizes": true, "recommended_use": "Clothing", "featured": false, "likes": []}}, {"model": "products.product", "pk": 147, "fields": {"name": "Locomotive Men Washed Blue Jeans", "category": 6, "sku": "sku100147", "description": "Sport this washed blue pair with a light coloured tee and leather slip-ons for a party with friends.", "price": "21.77", "rating": "4.30", "image": "locomotive-men-washed-blue-jeans-2.webp", "has_sizes": true, "recommended_use": "Clothing", "featured": false, "likes": []}}, {"model": "products.product", "pk": 148, "fields": {"name": "Palm Tree Kids Boy Washed Blue Jeans", "category": 6, "sku": "sku100148", "description": "Sport this washed blue pair with a light coloured tee and leather slip-ons for a party with friends.", "price": "22.39", "rating": "2.80", "image": "palm-tree-kids-boy-washed-blue-jeans.webp", "has_sizes": true, "recommended_use": "Clothing", "featured": false, "likes": []}}, {"model": "products.product", "pk": 149, "fields": {"name": "Lee Rinse Navy Blue Slim Fit Jeans", "category": 6, "sku": "sku100149", "description": "Sport this Navy blue pair with a light coloured tee and leather slip-ons for a party with friends.", "price": "21.47", "rating": "4.50", "image": "lee-rinse-navy-blue-slim-fit-jeans.webp", "has_sizes": true, "recommended_use": "Clothing", "featured": false, "likes": []}}, {"model": "products.product", "pk": 150, "fields": {"name": "Locomotive Men Washed Grey Jeans", "category": 6, "sku": "sku100150", "description": "Sport this grey pair with a light coloured tee and leather slip-ons for a party with friends.", "price": "24.79", "rating": "1.40", "image": "locomotive-men-washed-grey-jeans.webp", "has_sizes": true, "recommended_use": "Clothing", "featured": false, "likes": []}}, {"model": "products.product", "pk": 151, "fields": {"name": "Carlton London Women Black & Gold Toned Flats", "category": 7, "sku": "sku100151", "description": "Step into a season of high-street fashion withCarlton London black and gold flats.", "price": "28.64", "rating": "3.50", "image": "carlton-london-women-black-&-gold-toned-flats.webp", "has_sizes": false, "recommended_use": "Footwear", "featured": false, "likes": []}}, {"model": "products.product", "pk": 152, "fields": {"name": "Catwalk Women Leather Brown Flats", "category": 7, "sku": "sku100152", "description": "Catwalks hot chicback to core fashion with casual leather brown flats", "price": "27.01", "rating": "4.10", "image": "catwalk-women-leather-brown-flats.webp", "has_sizes": false, "recommended_use": "Footwear", "featured": false, "likes": []}}, {"model": "products.product", "pk": 153, "fields": {"name": "Rocia Women Black Flats", "category": 7, "sku": "sku100153", "description": "Comfortable but fun women's black flats with a comfortable wedge sold and bling adorning the slim straps that work for day or night.", "price": "29.41", "rating": "4.80", "image": "rocia-women-black-flats.webp", "has_sizes": false, "recommended_use": "Footwear", "featured": false, "likes": []}}, {"model": "products.product", "pk": 154, "fields": {"name": "Catwalk Women Leather Flats", "category": 7, "sku": "sku100154", "description": "Catwalks hot chicback to core fashion with casual leather flats", "price": "29.16", "rating": "2.20", "image": "catwalk-women-leather-flats.webp", "has_sizes": false, "recommended_use": "Footwear", "featured": false, "likes": []}}, {"model": "products.product", "pk": 155, "fields": {"name": "Crocs Dora Boots Pink Sandals", "category": 7, "sku": "sku100155", "description": "TheseCrocsfeature an adorableDora the Explorerdesign.", "price": "28.15", "rating": "3.00", "image": "crocs-dora-boots-pink-sandals.webp", "has_sizes": false, "recommended_use": "Footwear", "featured": false, "likes": []}}, {"model": "products.product", "pk": 156, "fields": {"name": "Catwalk Women Gun Metal Grey Heels", "category": 7, "sku": "sku100156", "description": "Catwalks hot chicback to core fashion with Gun Metal Grey Heels", "price": "26.39", "rating": "4.40", "image": "catwalk-women-gun-metal-grey-heels.webp", "has_sizes": false, "recommended_use": "Footwear", "featured": false, "likes": []}}, {"model": "products.product", "pk": 157, "fields": {"name": "iPanema Women Red Flip Flops", "category": 7, "sku": "sku100157", "description": "Step into a season of high-street fashion withiPanema Women Red Flip Flops", "price": "28.81", "rating": "4.30", "image": "ipanema-women-red-flip-flops.webp", "has_sizes": false, "recommended_use": "Footwear", "featured": false, "likes": []}}, {"model": "products.product", "pk": 158, "fields": {"name": "Carlton London Women Silver Wedge Sandal", "category": 7, "sku": "sku100158", "description": "Step into a season of high-street fashion withCarlton London silver wedge sandal", "price": "28.74", "rating": "1.60", "image": "carlton-london-women-silver-wedge-sandal.webp", "has_sizes": false, "recommended_use": "Footwear", "featured": false, "likes": []}}, {"model": "products.product", "pk": 159, "fields": {"name": "Portia Women Copper-Toned & Brown Sandals", "category": 7, "sku": "sku100159", "description": "Step into a season of high-street fashion with Portia Women Copper-Toned & Brown Sandals", "price": "26.99", "rating": "3.40", "image": "portia-women-copper-toned-brown-sandals.webp", "has_sizes": false, "recommended_use": "Footwear", "featured": false, "likes": []}}, {"model": "products.product", "pk": 160, "fields": {"name": "Rocia Women Black Heels", "category": 7, "sku": "sku100160", "description": "Step into a season of high-street fashion with Rocia Women Black Heels", "price": "29.79", "rating": "2.00", "image": "rocia-women-black-heels.webp", "has_sizes": false, "recommended_use": "Footwear", "featured": false, "likes": []}}, {"model": "products.product", "pk": 161, "fields": {"name": "Skechers Women Green Shoe", "category": 7, "sku": "sku100161", "description": "Breeze through your workouts in cushioned comfort with Skechers Freen Shoes", "price": "29.06", "rating": "1.40", "image": "skechers-women-green-shoe.webp", "has_sizes": false, "recommended_use": "Footwear", "featured": false, "likes": []}}, {"model": "products.product", "pk": 162, "fields": {"name": "Catwalk Women Brown Sandals", "category": 7, "sku": "sku100162", "description": "Catwalks hot chicback to core fashion with casual brown sandals", "price": "29.72", "rating": "1.20", "image": "catwalk-women-brown-sandals.webp", "has_sizes": false, "recommended_use": "Footwear", "featured": false, "likes": []}}, {"model": "products.product", "pk": 163, "fields": {"name": "ADIDAS Women's Adi Groove Blue Flip Flop", "category": 7, "sku": "sku100163", "description": "Step into a season of high-street fashion withiADIDAS Women's Adi Groove Blue Flip Flop", "price": "28.88", "rating": "2.00", "image": "adidas-womens-adi-groove-blue-flip-flop.webp", "has_sizes": false, "recommended_use": "Footwear", "featured": false, "likes": []}}, {"model": "products.product", "pk": 164, "fields": {"name": "Puma Men Future Cat Remix SF Black Casual Shoes", "category": 7, "sku": "sku100164", "description": "Get noticed in this modern fashion sneaker fromPuma.", "price": "29.47", "rating": "2.80", "image": "puma-men-future-cat-remix-sf-black-casual-shoes.webp", "has_sizes": false, "recommended_use": "Footwear", "featured": false, "likes": []}}, {"model": "products.product", "pk": 165, "fields": {"name": "Fila Men Cush Flex Black Slippers", "category": 7, "sku": "sku100165", "description": "For the ultimate in chilled out comfort check out Fila Cush Flex Black Slippers ", "price": "28.93", "rating": "1.40", "image": "fila-men-cush-flex-black-slippers.webp", "has_sizes": false, "recommended_use": "Footwear", "featured": false, "likes": []}}, {"model": "products.product", "pk": 166, "fields": {"name": "ADIDAS Men Spry M Black Sandals", "category": 7, "sku": "sku100166", "description": "For the ultimate in chilled out comfort check out adidas Spry Black Sandals", "price": "26.75", "rating": "4.60", "image": "adidas-men-spry-m-black-sandals.webp", "has_sizes": false, "recommended_use": "Footwear", "featured": false, "likes": []}}, {"model": "products.product", "pk": 167, "fields": {"name": "Buckaroo Men Flores Black Formal Shoes", "category": 7, "sku": "sku100167", "description": "Comfortable but smart wear these to any formal ocasions", "price": "28.50", "rating": "2.60", "image": "buckaroo-men-flores-black-formal-shoes.webp", "has_sizes": false, "recommended_use": "Footwear", "featured": false, "likes": []}}, {"model": "products.product", "pk": 168, "fields": {"name": "Gas Men Europa White Shoes", "category": 7, "sku": "sku100168", "description": "Step up and step out in the classic Europa White Shoes. Classic colorways offer up a fresh look to any of your street-ready pieces.", "price": "26.88", "rating": "3.30", "image": "gas-men-europa-white-shoes.webp", "has_sizes": false, "recommended_use": "Footwear", "featured": false, "likes": []}}, {"model": "products.product", "pk": 169, "fields": {"name": "Clarks Men Hang Work Leather Black Formal Shoes", "category": 7, "sku": "sku100169", "description": "Comfortable but smart wear these to any formal ocasions", "price": "28.72", "rating": "2.70", "image": "clarks-men-hang-work-leather-black-formal-shoes.webp", "has_sizes": false, "recommended_use": "Footwear", "featured": false, "likes": []}}, {"model": "products.product", "pk": 170, "fields": {"name": "Arrow Men Black Formal Shoes", "category": 7, "sku": "sku100170", "description": "Comfortable but smart wear these to any formal ocasions", "price": "29.69", "rating": "4.80", "image": "arrow-men-black-formal-shoes.webp", "has_sizes": false, "recommended_use": "Footwear", "featured": true, "likes": []}}, {"model": "products.product", "pk": 171, "fields": {"name": "Timberland Men Black Casual Shoes", "category": 7, "sku": "sku100171", "description": "Step up and step out in the classic Timberland Casuals. Classic colorways offer up a fresh look to any of your street-ready pieces.", "price": "29.16", "rating": "4.80", "image": "timberland-men-black-casual-shoes.webp", "has_sizes": false, "recommended_use": "Footwear", "featured": true, "likes": []}}, {"model": "products.product", "pk": 172, "fields": {"name": "Vans Men Classic Slip-On Purple & Black Shoes", "category": 7, "sku": "sku100172", "description": "For the ultimate in chilled out comfort check out Vans Men Classic Slip-On Purple & Black Shoes", "price": "29.32", "rating": "4.30", "image": "vans-men-classic-slip-on-purple-black-shoes.webp", "has_sizes": false, "recommended_use": "Footwear", "featured": true, "likes": []}}, {"model": "products.product", "pk": 173, "fields": {"name": "ID Men Red Shoes", "category": 7, "sku": "sku100173", "description": "For the ultimate in chilled out comfort ID Men Red Shoes", "price": "28.77", "rating": "2.40", "image": "id-men-red-shoes.webp", "has_sizes": false, "recommended_use": "Footwear", "featured": true, "likes": []}}, {"model": "products.product", "pk": 174, "fields": {"name": "Vans Men Khaki Shoes", "category": 7, "sku": "sku100174", "description": "For the ultimate in chilled out comfort check out Vans Men Khaki Shoes", "price": "28.66", "rating": "3.20", "image": "vans-men-khaki-shoes.webp", "has_sizes": false, "recommended_use": "Footwear", "featured": true, "likes": []}}, {"model": "products.product", "pk": 175, "fields": {"name": "Lotto Men XL Water Man Silver Slippers", "category": 7, "sku": "sku100175", "description": "For the ultimate in chilled out comfort check out Lotto Men XL Water Man Silver Slippers", "price": "27.37", "rating": "4.80", "image": "lotto-men-xl-water-man-silver-slippers.webp", "has_sizes": false, "recommended_use": "Footwear", "featured": true, "likes": []}}, {"model": "products.product", "pk": 176, "fields": {"name": "Superman Men Black Printed Lounge Pants", "category": 8, "sku": "sku100176", "description": "Fall asleep fast after a long day wearing these Superman printed lounge pants", "price": "22.73", "rating": "3.30", "image": "superman-men-black-printed-lounge-pants.webp", "has_sizes": true, "recommended_use": "Loungewear", "featured": true, "likes": []}}, {"model": "products.product", "pk": 177, "fields": {"name": "Superman Men Blue Printed Lounge Pants", "category": 8, "sku": "sku100177", "description": "Fall asleep fast after a long day wearing these Superman printed lounge pants", "price": "24.69", "rating": "3.50", "image": "superman-men-blue-printed-lounge-pants.webp", "has_sizes": true, "recommended_use": "Loungewear", "featured": true, "likes": []}}, {"model": "products.product", "pk": 178, "fields": {"name": "2go Active Gear USA Men Charcoal Tiger Lounge Pants", "category": 8, "sku": "sku100178", "description": "Charcoal grey track pants knitted has a tapered fit elasticated waistband with internal drawstrings for a snug fit", "price": "24.00", "rating": "1.20", "image": "2go-active-gear-usa-men-charcoal-tiger-lounge-pants.webp", "has_sizes": true, "recommended_use": "Loungewear", "featured": true, "likes": []}}, {"model": "products.product", "pk": 179, "fields": {"name": "Hanes Men Knitted Red Shorts", "category": 8, "sku": "sku100179", "description": "These classic cotton knit sleep shorts are perfect for wear anytime of year.", "price": "24.23", "rating": "1.80", "image": "hanes-men-knitted-red-shorts.webp", "has_sizes": true, "recommended_use": "Loungewear", "featured": true, "likes": []}}, {"model": "products.product", "pk": 180, "fields": {"name": "Chromozome Men Navy Blue Lounge Pants S-4801", "category": 8, "sku": "sku100180", "description": "Navy blue lounge pants that has an elasticated waistband with a drawstring", "price": "23.01", "rating": "2.70", "image": "chromozome-men-navy-blue-lounge-pants-s-4801.webp", "has_sizes": true, "recommended_use": "Loungewear", "featured": true, "likes": []}}, {"model": "products.product", "pk": 181, "fields": {"name": "Chromozome Men Navy Blue Fashion Lounge Pants S-5145", "category": 8, "sku": "sku100181", "description": "Navy blue lounge pants that has an elasticated waistband with a drawstring", "price": "24.02", "rating": "1.50", "image": "chromozome-men-navy-blue-fashion-lounge-pants-s-5145.webp", "has_sizes": true, "recommended_use": "Loungewear", "featured": true, "likes": []}}, {"model": "products.product", "pk": 182, "fields": {"name": "Chromozome Men Black Lounge Shorts", "category": 8, "sku": "sku100182", "description": "Navy blue lounge shorts that has an elasticated waistband with a drawstring", "price": "21.50", "rating": "4.00", "image": "chromozome-men-black-lounge-shorts.webp", "has_sizes": true, "recommended_use": "Loungewear", "featured": false, "likes": []}}, {"model": "products.product", "pk": 183, "fields": {"name": "Chromozome Men Grey Melange Lounge Pants", "category": 8, "sku": "sku100183", "description": "Navy blue lounge pants that has an elasticated waistband with a drawstring", "price": "23.66", "rating": "2.20", "image": "chromozome-men-grey-melange-lounge-pants.webp", "has_sizes": true, "recommended_use": "Loungewear", "featured": false, "likes": []}}, {"model": "products.product", "pk": 184, "fields": {"name": "Chromozome Men Navy Blue Lounge Shorts", "category": 8, "sku": "sku100184", "description": "Navy blue lounge shorts that has an elasticated waistband with a drawstring", "price": "21.92", "rating": "3.50", "image": "chromozome-men-navy-blue-lounge-shorts.webp", "has_sizes": true, "recommended_use": "Loungewear", "featured": false, "likes": []}}, {"model": "products.product", "pk": 185, "fields": {"name": "Chromozome Men Black Fashion Lounge Pants S-5145", "category": 8, "sku": "sku100185", "description": "Navy blue lounge pants that has an elasticated waistband with a drawstring", "price": "20.92", "rating": "4.40", "image": "chromozome-men-black-fashion-lounge-pants-s-5145.webp", "has_sizes": true, "recommended_use": "Loungewear", "featured": false, "likes": []}}, {"model": "products.product", "pk": 186, "fields": {"name": "Hanes Men Black Relaxed Sports Pants", "category": 8, "sku": "sku100186", "description": "Keep it comfy whether you're at the gym or just chilling at home in these men's sports pants. ", "price": "23.95", "rating": "2.90", "image": "hanes-men-black-relaxed-sports-pants.webp", "has_sizes": true, "recommended_use": "Loungewear", "featured": false, "likes": []}}, {"model": "products.product", "pk": 187, "fields": {"name": "Jockey 24 x 7 Men Black Sport Shorts 9426", "category": 8, "sku": "sku100187", "description": "Flaunt a sporty look with these black knit sports shorts from Jockey.", "price": "23.89", "rating": "3.10", "image": "jockey-24x7-men-black-sport-shorts-9426.webp", "has_sizes": true, "recommended_use": "Loungewear", "featured": false, "likes": []}}, {"model": "products.product", "pk": 188, "fields": {"name": "Hanes Men Black Shorts", "category": 8, "sku": "sku100188", "description": "Keep it comfy whether you're at the gym or just chilling at home in these men's sweatpants.", "price": "23.97", "rating": "4.60", "image": "hanes-men-black-shorts.webp", "has_sizes": true, "recommended_use": "Loungewear", "featured": false, "likes": []}}, {"model": "products.product", "pk": 189, "fields": {"name": "Jockey Women Blue Lounge Pants", "category": 8, "sku": "sku100189", "description": "Flaunt a sporty look with these blue lounge pants from Jockey.", "price": "21.20", "rating": "5.00", "image": "jockey-women-blue-lounge-pants.webp", "has_sizes": true, "recommended_use": "Loungewear", "featured": false, "likes": []}}, {"model": "products.product", "pk": 190, "fields": {"name": "Jockey Women Black Lounge Pants", "category": 8, "sku": "sku100190", "description": "Flaunt a sporty look with these black lounge pants from Jockey.", "price": "24.26", "rating": "3.50", "image": "jockey-women-black-lounge-pants.webp", "has_sizes": true, "recommended_use": "Loungewear", "featured": false, "likes": []}}, {"model": "products.product", "pk": 191, "fields": {"name": "Jockey Women Assorted Lounge Pants", "category": 8, "sku": "sku100191", "description": "Flaunt a sporty look with these assorted lounge pants from Jockey.", "price": "24.45", "rating": "1.20", "image": "jockey-women-assorted-lounge-pants.webp", "has_sizes": true, "recommended_use": "Loungewear", "featured": false, "likes": []}}, {"model": "products.product", "pk": 192, "fields": {"name": "Femella Women Pink Lounge Pants", "category": 8, "sku": "sku100192", "description": "After a tiring day at work comfortably lounging around your house is probably what you crave the most. And what better way to do so than with some super comfortable loungewear!", "price": "22.97", "rating": "2.50", "image": "femella-women-pink-lounge-pants.webp", "has_sizes": true, "recommended_use": "Loungewear", "featured": false, "likes": []}}, {"model": "products.product", "pk": 193, "fields": {"name": "Femella Women Blue Lounge Pants", "category": 8, "sku": "sku100193", "description": "After a tiring day at work comfortably lounging around your house is probably what you crave the most. And what better way to do so than with some super comfortable loungewear!", "price": "23.02", "rating": "4.00", "image": "femella-women-blue-lounge-pants.webp", "has_sizes": true, "recommended_use": "Loungewear", "featured": false, "likes": []}}, {"model": "products.product", "pk": 194, "fields": {"name": "Femella Women Printed Blue Lounge Pants", "category": 8, "sku": "sku100194", "description": "After a tiring day at work comfortably lounging around your house is probably what you crave the most. And what better way to do so than with some super comfortable loungewear!", "price": "23.25", "rating": "2.70", "image": "femella-women-printed-blue-lounge-pants.webp", "has_sizes": true, "recommended_use": "Loungewear", "featured": false, "likes": []}}, {"model": "products.product", "pk": 195, "fields": {"name": "Inaya Women Lounge Top", "category": 8, "sku": "sku100195", "description": "Inaya have come up with this super soft top you can wear with night-clothes or with your denims for a quick grocery run!", "price": "22.77", "rating": "2.50", "image": "inaya-women-lounge-top.webp", "has_sizes": true, "recommended_use": "Loungewear", "featured": false, "likes": []}}, {"model": "products.product", "pk": 196, "fields": {"name": "Jockey Women Maroon Lounge Pants", "category": 8, "sku": "sku100196", "description": "Flaunt a sporty look with thesemaroon lounge pants from Jockey.", "price": "22.15", "rating": "3.60", "image": "jockey-women-maroon-lounge-pants.webp", "has_sizes": true, "recommended_use": "Loungewear", "featured": false, "likes": []}}, {"model": "products.product", "pk": 197, "fields": {"name": "Jockey Women Purple Lounge Shorts 1308", "category": 8, "sku": "sku100197", "description": "Flaunt a sporty look with these purple lounge shorts from Jockey.", "price": "23.62", "rating": "2.30", "image": "jockey-women-purple-lounge-shorts-1308.webp", "has_sizes": true, "recommended_use": "Loungewear", "featured": false, "likes": []}}, {"model": "products.product", "pk": 198, "fields": {"name": "Jockey Women Grey Lounge Pants", "category": 8, "sku": "sku100198", "description": "Flaunt a sporty look with these grey lounge pants from Jockey.", "price": "23.89", "rating": "2.30", "image": "jockey-women-grey-lounge-pants.webp", "has_sizes": true, "recommended_use": "Loungewear", "featured": false, "likes": []}}, {"model": "products.product", "pk": 199, "fields": {"name": "Femella Women Printed Blue Lounge Pants", "category": 8, "sku": "sku100199", "description": "After a tiring day at work comfortably lounging around your house is probably what you crave the most. And what better way to do so than with some super comfortable loungewear!", "price": "24.56", "rating": "3.00", "image": "femella-women-printed-blue-lounge-pants-2.webp", "has_sizes": true, "recommended_use": "Loungewear", "featured": false, "likes": []}}, {"model": "products.product", "pk": 200, "fields": {"name": "Femella Women Printed Blue Lounge Pants", "category": 8, "sku": "sku100200", "description": "After a tiring day at work comfortably lounging around your house is probably what you crave the most. And what better way to do so than with some super comfortable loungewear!", "price": "24.35", "rating": "1.50", "image": "femella-women-printed-blue-lounge-pants-3.webp", "has_sizes": true, "recommended_use": "Loungewear", "featured": false, "likes": []}}, {"model": "products.product", "pk": 201, "fields": {"name": "Jealous 21 Women Purple Shirt", "category": 9, "sku": "sku100201", "description": "Enhance your overall appearance with this trendsetting shirt by Jealous 21.", "price": "14.39", "rating": "2.50", "image": "jealous-21-women-purple-shirt.webp", "has_sizes": true, "recommended_use": "Clothing", "featured": true, "likes": []}}, {"model": "products.product", "pk": 202, "fields": {"name": "Jealous 21 Women's Pink T-shirt", "category": 9, "sku": "sku100202", "description": "Enhance your overall appearance with this trendsetting shirt by Jealous 21.", "price": "13.77", "rating": "1.50", "image": "jealous-21-womens-pink-t-shirt.webp", "has_sizes": true, "recommended_use": "Clothing", "featured": true, "likes": []}}, {"model": "products.product", "pk": 203, "fields": {"name": "Nike Women Purple Polo T-shirt", "category": 9, "sku": "sku100203", "description": "The Nike Purple T-Shirt wicks sweat to keep dry and comfortable for all types of workouts", "price": "11.78", "rating": "3.80", "image": "nike-women-purple-polo-t-shirt.webp", "has_sizes": true, "recommended_use": "Clothing", "featured": true, "likes": []}}, {"model": "products.product", "pk": 204, "fields": {"name": "Nike Women Black T-shirt", "category": 9, "sku": "sku100204", "description": "The Nike Black T-Shirt wicks sweat to keep dry and comfortable for all types of workouts", "price": "12.12", "rating": "3.10", "image": "nike-women-black-t-shirt.webp", "has_sizes": true, "recommended_use": "Clothing", "featured": true, "likes": []}}, {"model": "products.product", "pk": 205, "fields": {"name": "Little Miss Women Printed Grey T-shirt", "category": 9, "sku": "sku100205", "description": "Born in the mid 90s thisteeis all attitude featuring graphic oflittle miss", "price": "11.96", "rating": "3.40", "image": "little-miss-women-printed-grey-t-shirt.webp", "has_sizes": true, "recommended_use": "Clothing", "featured": true, "likes": []}}, {"model": "products.product", "pk": 206, "fields": {"name": "Tantra Women Flower Heart Black Long T-shirt", "category": 9, "sku": "sku100206", "description": "Enhance your overall appearance with this trendsetting shirt.", "price": "14.04", "rating": "3.60", "image": "tantra-women-flower-heart-black-long-t-shirt.webp", "has_sizes": true, "recommended_use": "Clothing", "featured": true, "likes": []}}, {"model": "products.product", "pk": 207, "fields": {"name": "Urban Yoga Women Printed Pink T-shirt", "category": 9, "sku": "sku100207", "description": "Exude a sense of peace and calm in this trendytee.", "price": "13.88", "rating": "1.60", "image": "urban-yoga-women-printed-pink-t-shirt.webp", "has_sizes": true, "recommended_use": "Clothing", "featured": false, "likes": []}}, {"model": "products.product", "pk": 208, "fields": {"name": "Jealous 21 Women's Red Peace T-shirt", "category": 9, "sku": "sku100208", "description": "Enhance your overall appearance with this trendsetting shirt by Jealous 21.", "price": "14.77", "rating": "1.80", "image": "jealous-21-womens-red-peace-t-shirt.webp", "has_sizes": true, "recommended_use": "Clothing", "featured": false, "likes": []}}, {"model": "products.product", "pk": 209, "fields": {"name": "Arrow Woman Blue Shirt", "category": 9, "sku": "sku100209", "description": "Elevate your style quotient when you donthis shirt from Arrow Woman. Team it up with a pair of trousers and wedges for a distinct look.", "price": "14.46", "rating": "1.50", "image": "arrow-woman-blue-shirt.webp", "has_sizes": true, "recommended_use": "Clothing", "featured": false, "likes": []}}, {"model": "products.product", "pk": 210, "fields": {"name": "Wrangler Women Pink T-shirt", "category": 9, "sku": "sku100210", "description": "Create a cool but casual look with slim fit Sign Off Tee", "price": "13.70", "rating": "1.80", "image": "wrangler-women-pink-t-shirt.webp", "has_sizes": true, "recommended_use": "Clothing", "featured": false, "likes": []}}, {"model": "products.product", "pk": 211, "fields": {"name": "Nike Women's Smash Pink T-shirt", "category": 9, "sku": "sku100211", "description": "The Nike Black T-Shirt wicks sweat to keep dry and comfortable for all types of workouts", "price": "12.12", "rating": "3.90", "image": "nike-womens-smash-pink-t-shirt.webp", "has_sizes": true, "recommended_use": "Clothing", "featured": false, "likes": []}}, {"model": "products.product", "pk": 212, "fields": {"name": "ADIDAS Women's Black T-shirt", "category": 9, "sku": "sku100212", "description": "Keep it simple in one of our classic women's black t-shirts", "price": "12.76", "rating": "2.40", "image": "adidas-womens-black-t-shirt.webp", "has_sizes": true, "recommended_use": "Clothing", "featured": false, "likes": []}}, {"model": "products.product", "pk": 213, "fields": {"name": "Turtle Check Men Navy Blue Shirt", "category": 9, "sku": "sku100213", "description": "Want to dress and make statement this season? Let the casual look speak up loud with some basic yet trendy styles.", "price": "13.59", "rating": "4.40", "image": "turtle-check-men-navy-blue-shirt.webp", "has_sizes": true, "recommended_use": "Clothing", "featured": false, "likes": []}}, {"model": "products.product", "pk": 214, "fields": {"name": "Puma Men Grey T-shirt", "category": 9, "sku": "sku100214", "description": "Puma short sleeve lightweight T-shirt with dryCELL moisture management technology.", "price": "14.20", "rating": "1.40", "image": "puma-men-grey-t-shirt.webp", "has_sizes": true, "recommended_use": "Clothing", "featured": false, "likes": []}}, {"model": "products.product", "pk": 215, "fields": {"name": "Inkfruit Mens Chain Reaction T-shirt", "category": 9, "sku": "sku100215", "description": "Create a cool but casual look with slim fit Sign Off Tee", "price": "13.96", "rating": "4.50", "image": "inkfruit-mens-chain-reaction-t-shirt.webp", "has_sizes": true, "recommended_use": "Clothing", "featured": false, "likes": []}}, {"model": "products.product", "pk": 216, "fields": {"name": "Fabindia Men Striped Green Shirt", "category": 9, "sku": "sku100216", "description": "Want to dress and make statement this season? Let the casual look speak up loud with some basic yet trendy styles.", "price": "12.29", "rating": "3.40", "image": "fabindia-men-striped-green-shirt.webp", "has_sizes": true, "recommended_use": "Clothing", "featured": false, "likes": []}}, {"model": "products.product", "pk": 217, "fields": {"name": "Reid & Taylor Men Check Purple Shirts", "category": 9, "sku": "sku100217", "description": "Want to dress and make statement this season? Let the casual look speak up loud with some basic yet trendy styles.", "price": "14.30", "rating": "2.30", "image": "reid-taylor-men-check-purple-shirts.webp", "has_sizes": true, "recommended_use": "Clothing", "featured": false, "likes": []}}, {"model": "products.product", "pk": 218, "fields": {"name": "Fila Men's Round Neck Navy Blue T-shirt", "category": 9, "sku": "sku100218", "description": "Create a cool but casual look with slim fit Sign Off Tee", "price": "13.10", "rating": "2.20", "image": "fila-mens-round-neck-navy-blue-t-shirt.webp", "has_sizes": true, "recommended_use": "Clothing", "featured": false, "likes": []}}, {"model": "products.product", "pk": 219, "fields": {"name": "John Players Men Navy Blue Shirt", "category": 9, "sku": "sku100219", "description": "Want to dress and make statement this season? Let the casual look speak up loud with some basic yet trendy styles.", "price": "13.53", "rating": "4.30", "image": "john-players-men-navy-blue-shirt.webp", "has_sizes": true, "recommended_use": "Clothing", "featured": false, "likes": []}}, {"model": "products.product", "pk": 220, "fields": {"name": "John Players Men Brown Shirt", "category": 9, "sku": "sku100220", "description": "Want to dress and make statement this season? Let the casual look speak up loud with some basic yet trendy styles.", "price": "14.59", "rating": "3.40", "image": "john-players-men-brown-shirt.webp", "has_sizes": true, "recommended_use": "Clothing", "featured": false, "likes": []}}, {"model": "products.product", "pk": 221, "fields": {"name": "John Miller Men Stripes White Red Shirts", "category": 9, "sku": "sku100221", "description": "Want to dress and make statement this season? Let the casual look speak up loud with some basic yet trendy styles.", "price": "12.07", "rating": "4.70", "image": "john-miller-men-stripes-white-red-shirts.webp", "has_sizes": true, "recommended_use": "Clothing", "featured": false, "likes": []}}, {"model": "products.product", "pk": 222, "fields": {"name": "Puma Men's Stripe Polo Black T-shirt", "category": 9, "sku": "sku100222", "description": "Create a cool but casual look with slim fit Sign Off Tee", "price": "13.32", "rating": "3.70", "image": "puma-mens-stripe-polo-black-t-shirt.webp", "has_sizes": true, "recommended_use": "Clothing", "featured": false, "likes": []}}, {"model": "products.product", "pk": 223, "fields": {"name": "Gini and Jony Boy's Kaleb White Brown Kidswear", "category": 9, "sku": "sku100223", "description": "Want to dress and make statement this season? Let the casual look speak up loud with some basic yet trendy styles.", "price": "14.18", "rating": "2.30", "image": "gini-and-jony-boys-kaleb-white-brown-kidswear.webp", "has_sizes": true, "recommended_use": "Clothing", "featured": false, "likes": []}}, {"model": "products.product", "pk": 224, "fields": {"name": "Wrangler Men Motor Rider Red T-Shirts", "category": 9, "sku": "sku100224", "description": "Create a cool but casual look with slim fit Sign Off Tee", "price": "10.71", "rating": "4.90", "image": "wrangler-men-motor-rider-red-t-shirts.webp", "has_sizes": true, "recommended_use": "Clothing", "featured": false, "likes": []}}, {"model": "products.product", "pk": 225, "fields": {"name": "Puma Men Scribble Black Tshirts", "category": 9, "sku": "sku100225", "description": "Create a cool but casual look with slim fit Sign Off Tee", "price": "14.62", "rating": "1.40", "image": "puma-men-scribble-black-tshirts.webp", "has_sizes": true, "recommended_use": "Clothing", "featured": false, "likes": []}}, {"model": "products.review", "pk": 12, "fields": {"product": 20, "author": 1, "title": "This is a test", "message": "This is a test", "timestamp": "2022-12-02T14:26:18.407Z", "approved": true}}, {"model": "checkout.order", "pk": 31, "fields": {"user_account": 1, "full_name": "Mr Banks", "street_address1": "17 Cherry Tree Lane", "street_address2": null, "town_or_city": "London", "county": null, "country": "GB", "postcode": null, "email": "AE_ADMIN@alphaexchange.com", "phone_number": "012345678910", "order_number": "4759C3B889C6415C9C9224E7E20D29B0", "date": "2022-11-30T04:16:47.978Z", "delivery_cost": "1.65", "order_total": "16.50", "grand_total": "18.15", "original_basket": "{\"20\": {\"item_sizes\": {\"m\": 1}}}", "stripe_pid": "pi_3M9himIgnV6adTdl1YSTWEHf"}}, {"model": "checkout.order", "pk": 32, "fields": {"user_account": 1, "full_name": "Mr Banks", "street_address1": "17 Cherry Tree Lane", "street_address2": null, "town_or_city": "London", "county": null, "country": "GB", "postcode": null, "email": "AE_ADMIN@alphaexchange.com", "phone_number": "012345678910", "order_number": "50EC9EFED5CC41E9BCCB127A68ECDC9D", "date": "2022-12-01T16:47:48.503Z", "delivery_cost": "1.65", "order_total": "16.50", "grand_total": "18.15", "original_basket": "{\"20\": {\"item_sizes\": {\"m\": 1}}}", "stripe_pid": "pi_3MAFv6IgnV6adTdl0ZYopyYb"}}, {"model": "checkout.order", "pk": 33, "fields": {"user_account": 1, "full_name": "Mr Banks", "street_address1": "17 Cherry Tree Lane", "street_address2": null, "town_or_city": "London", "county": null, "country": "GB", "postcode": null, "email": "AE_ADMIN@alphaexchange.com", "phone_number": "012345678910", "order_number": "2DBF19E41F3C4BF58BDBDA09046AE1DE", "date": "2022-12-01T20:19:14.965Z", "delivery_cost": "1.65", "order_total": "16.50", "grand_total": "18.15", "original_basket": "{\"20\": {\"item_sizes\": {\"m\": 1}}}", "stripe_pid": "pi_3MAJCpIgnV6adTdl19qYVOUO"}}, {"model": "checkout.order", "pk": 34, "fields": {"user_account": 1, "full_name": "Mr Banks", "street_address1": "17 Cherry Tree Lane", "street_address2": null, "town_or_city": "London", "county": null, "country": "GB", "postcode": null, "email": "AE_ADMIN@alphaexchange.com", "phone_number": "012345678910", "order_number": "1D98CA9FC07D406B8C3D33AB783C0FDF", "date": "2022-12-01T20:47:21.196Z", "delivery_cost": "1.65", "order_total": "16.50", "grand_total": "18.15", "original_basket": "{\"20\": {\"item_sizes\": {\"m\": 1}}}", "stripe_pid": "pi_3MAJeyIgnV6adTdl0AF2T0zW"}}, {"model": "checkout.order", "pk": 35, "fields": {"user_account": 1, "full_name": "Mr Banks", "street_address1": "17 Cherry Tree Lane", "street_address2": null, "town_or_city": "London", "county": null, "country": "GB", "postcode": null, "email": "AE_ADMIN@alphaexchange.com", "phone_number": "012345678910", "order_number": "D3FCCA576EE54E089E99EB95B522432E", "date": "2022-12-02T15:44:47.205Z", "delivery_cost": "3.30", "order_total": "33.00", "grand_total": "36.30", "original_basket": "{\"20\": {\"item_sizes\": {\"m\": 1, \"l\": 1}}}", "stripe_pid": "pi_3MAbPgIgnV6adTdl2qEswixP"}}, {"model": "checkout.order", "pk": 36, "fields": {"user_account": 1, "full_name": "Mr Banks", "street_address1": "17 Cherry Tree Lane", "street_address2": null, "town_or_city": "London", "county": null, "country": "GB", "postcode": null, "email": "AE_ADMIN@alphaexchange.com", "phone_number": "012345678910", "order_number": "65176888627E482EAB2759ACFCED13B8", "date": "2022-12-02T16:39:35.087Z", "delivery_cost": "1.65", "order_total": "16.50", "grand_total": "18.15", "original_basket": "{\"20\": {\"item_sizes\": {\"m\": 1}}}", "stripe_pid": "pi_3MAbuQIgnV6adTdl2m6ybpAi"}}, {"model": "checkout.orderlineitem", "pk": 62, "fields": {"order": 31, "product": 20, "product_size": "m", "quantity": 1, "lineitem_total": "16.50"}}, {"model": "checkout.orderlineitem", "pk": 63, "fields": {"order": 32, "product": 20, "product_size": "m", "quantity": 1, "lineitem_total": "16.50"}}, {"model": "checkout.orderlineitem", "pk": 64, "fields": {"order": 33, "product": 20, "product_size": "m", "quantity": 1, "lineitem_total": "16.50"}}, {"model": "checkout.orderlineitem", "pk": 65, "fields": {"order": 34, "product": 20, "product_size": "m", "quantity": 1, "lineitem_total": "16.50"}}, {"model": "checkout.orderlineitem", "pk": 66, "fields": {"order": 35, "product": 20, "product_size": "m", "quantity": 1, "lineitem_total": "16.50"}}, {"model": "checkout.orderlineitem", "pk": 67, "fields": {"order": 35, "product": 20, "product_size": "l", "quantity": 1, "lineitem_total": "16.50"}}, {"model": "checkout.orderlineitem", "pk": 68, "fields": {"order": 36, "product": 20, "product_size": "m", "quantity": 1, "lineitem_total": "16.50"}}, {"model": "users.useraccount", "pk": 1, "fields": {"user": 2, "default_full_name": "Mr Banks", "default_phone_number": "012345678910", "default_street_address1": "17 Cherry Tree Lane", "default_street_address2": null, "default_town_or_city": "London", "default_county": null, "default_postcode": null, "default_country": "GB"}}, {"model": "users.useraccount", "pk": 2, "fields": {"user": 3, "default_full_name": null, "default_phone_number": null, "default_street_address1": null, "default_street_address2": null, "default_town_or_city": null, "default_county": null, "default_postcode": null, "default_country": null}}, {"model": "about.faq", "pk": 1, "fields": {"title": "shipping", "friendly_title": "Shipping", "question": "How do you ship my order?", "answer": "All orders are fulfilled by our suppliers and are shipped directly to you, depending where your items come from you may receive multiple shipments from different suppliers.\r\n\r\nWe also aim to have all orders dispatched within 2 working days and depending where you are the delivery times for may vary."}}, {"model": "about.faq", "pk": 2, "fields": {"title": "registration", "friendly_title": "Registration", "question": "Do I have to register for my account to make an order on the website?", "answer": "No, you don't have to register for an account to place an order.\r\n\r\nYou can add items to the basket as normal and check out without it, you wont be able to safe your details or see your order next time you come back to the website."}}, {"model": "about.faq", "pk": 3, "fields": {"title": "order_confirmation", "friendly_title": "Order Confirmation", "question": "How will I receive my order confirmation once I have paid for my order?", "answer": "After you have finished paying for your order, logged in users will be able to find the order on their profile inside of the profile history.\r\n\r\nYou will also receive an email to the address provided when you filled out the checkout form."}}, {"model": "about.faq", "pk": 4, "fields": {"title": "available_products", "friendly_title": "Available Products", "question": "How can I find out more information about the range of products, new items and sales?", "answer": "We have a number of social media handles that you can follow to make sure you stay up to date with the any fresh information from us.\r\n\r\nWe also have a Newsletter signup form in the footer of the website is you want us to let you know when we have exciting deals for you."}}, {"model": "about.faq", "pk": 5, "fields": {"title": "payment_types", "friendly_title": "Payment Types", "question": "What Payment Methods do you accept?", "answer": "We currently accept Visa Debit, Mastercard, Visa, American Express\r\n\r\nWe are planning on adding more options and you can keep updated through our social media handles or email Newsletter."}}]